lncRNA	dbsnp	source	alias	snps	Disease	Pubmed
NONHSAT000265.2	rs6603785	noncodeV3	Human	106	NA	NA
NONHSAT000877.2	rs2791655	ensembl	ENST00000452378	218	NA	NA
NONHSAT003984.2	rs211718	PMID26117828	PNCT_HSA133225	170	NA	NA
NONHSAT007632.2	rs12140760	lncipedia	lnc-SLC9A11-1-4	103	NA	NA
NONHSAT007659.2	rs2208849	NONCODEv4	NONHSAT007659	804	NA	NA
NONHSAT009020.2	rs951366	NONCODEv4	NONHSAT009020	42	NA	NA
NONHSAT011456.2	rs61848342	ensembl	ENST00000582360	19	NA	NA
NONHSAT013359.2	rs7085433	NONCODEv4	NONHSAT013359	101	NA	NA
NONHSAT016131.2	rs10883723	lncipedia	lnc-SUFU-1-8_dup1	30	NA	NA
NONHSAT016133.2	rs10883723	NONCODEv4	NONHSAT016133	70	NA	NA
NONHSAT016165.2	rs112913898	NONCODEv4	NONHSAT016165	56	NA	NA
NONHSAT017451.2	rs217719	noncodeV3	n381591	315	NA	NA
NONHSAT017460.2	rs217727	PMID26117828	TCONS_00006984	370	NA	NA
NONHSAT017461.2	rs217727	noncodeV3	n346135	430	NA	NA
NONHSAT017462.2	rs217727	NONCODEv4	NONHSAT017462	400	atherosclerosis	21954592
NONHSAT017462.2	rs217727	NONCODEv4	NONHSAT017462	400	Beckwith-Wiedemann syndrome	7987305
NONHSAT017462.2	rs217727	NONCODEv4	NONHSAT017462	400	adrenocortical carcinomas	22019903
NONHSAT017462.2	rs217727	NONCODEv4	NONHSAT017462	400	infertility	20042264
NONHSAT017462.2	rs217727	NONCODEv4	NONHSAT017462	400	kidney cancer	24373479
NONHSAT017462.2	rs217727	NONCODEv4	NONHSAT017462	400	Beckwith-Wiedemann syndrome	11813134
NONHSAT017462.2	rs217727	NONCODEv4	NONHSAT017462	400	bladder cancer	24373479
NONHSAT017462.2	rs217727	NONCODEv4	NONHSAT017462	400	bladder cancer	24499465
NONHSAT017462.2	rs217727	NONCODEv4	NONHSAT017462	400	bladder cancer	11193051
NONHSAT017462.2	rs217727	NONCODEv4	NONHSAT017462	400	biparental complete hydatidiform moles	12783848
NONHSAT017462.2	rs217727	NONCODEv4	NONHSAT017462	400	hepatocelluar carcinoma	23222811
NONHSAT017462.2	rs217727	NONCODEv4	NONHSAT017462	400	hyperhomocysteinemia	15899898
NONHSAT017462.2	rs217727	NONCODEv4	NONHSAT017462	400	cervical cancer	8570220
NONHSAT017462.2	rs217727	NONCODEv4	NONHSAT017462	400	choricarcinoma	22996375
NONHSAT017462.2	rs217727	NONCODEv4	NONHSAT017462	400	chronic myeloproliferative disorders	12682647
NONHSAT017462.2	rs217727	NONCODEv4	NONHSAT017462	400	Beckwith-Wiedemann syndrome	11436121
NONHSAT017462.2	rs217727	NONCODEv4	NONHSAT017462	400	Beckwith-Wiedemann syndrome	18719115
NONHSAT017462.2	rs217727	NONCODEv4	NONHSAT017462	400	Beckwith-Wiedemann syndrome	15314640
NONHSAT017462.2	rs217727	NONCODEv4	NONHSAT017462	400	colon cancer	21874233
NONHSAT017462.2	rs217727	NONCODEv4	NONHSAT017462	400	colon cancer	22996375
NONHSAT017462.2	rs217727	NONCODEv4	NONHSAT017462	400	Congenital hyperinsulinism	11395395
NONHSAT017462.2	rs217727	NONCODEv4	NONHSAT017462	400	Esophageal squamous cell cancer	24706416
NONHSAT017462.2	rs217727	NONCODEv4	NONHSAT017462	400	Esophageal squamous cell cancer	22996375
NONHSAT017462.2	rs217727	NONCODEv4	NONHSAT017462	400	gastric cancer	24810858
NONHSAT017462.2	rs217727	NONCODEv4	NONHSAT017462	400	gastric cancer	24833871
NONHSAT017462.2	rs217727	NONCODEv4	NONHSAT017462	400	gastric cancer	24671855
NONHSAT017462.2	rs217727	NONCODEv4	NONHSAT017462	400	germ cell tumor	16001432
NONHSAT017462.2	rs217727	NONCODEv4	NONHSAT017462	400	gestational choriocarcinoma	8188082
NONHSAT017462.2	rs217727	NONCODEv4	NONHSAT017462	400	gestational trophoblastic diseases	12648595
NONHSAT017462.2	rs217727	NONCODEv4	NONHSAT017462	400	glioblastoma	20380817
NONHSAT017462.2	rs217727	NONCODEv4	NONHSAT017462	400	glioma	23791884
NONHSAT017462.2	rs217727	NONCODEv4	NONHSAT017462	400	glioma	24466011
NONHSAT017462.2	rs217727	NONCODEv4	NONHSAT017462	400	growth restriction	20104244
NONHSAT017462.2	rs217727	NONCODEv4	NONHSAT017462	400	hematopoiesis	15645136
NONHSAT017462.2	rs217727	NONCODEv4	NONHSAT017462	400	hepatocelluar carcinoma	24183851
NONHSAT017462.2	rs217727	NONCODEv4	NONHSAT017462	400	hepatocelluar carcinoma	15736456
NONHSAT017462.2	rs217727	NONCODEv4	NONHSAT017462	400	bladder cancer	18262338
NONHSAT017462.2	rs217727	NONCODEv4	NONHSAT017462	400	bladder cancer	18262338
NONHSAT017462.2	rs217727	NONCODEv4	NONHSAT017462	400	bladder cancer	21162716
NONHSAT017462.2	rs217727	NONCODEv4	NONHSAT017462	400	bladder cancer	17786216
NONHSAT017462.2	rs217727	NONCODEv4	NONHSAT017462	400	bladder cancer	24006935
NONHSAT017462.2	rs217727	NONCODEv4	NONHSAT017462	400	bladder cancer	22996375
NONHSAT017462.2	rs217727	NONCODEv4	NONHSAT017462	400	bladder cancer	23354591
NONHSAT017462.2	rs217727	NONCODEv4	NONHSAT017462	400	bladder cancer	23399020
NONHSAT017462.2	rs217727	NONCODEv4	NONHSAT017462	400	breast cancer	16707459
NONHSAT017462.2	rs217727	NONCODEv4	NONHSAT017462	400	breast cancer	14729626
NONHSAT017462.2	rs217727	NONCODEv4	NONHSAT017462	400	breast cancer	12419837
NONHSAT017462.2	rs217727	NONCODEv4	NONHSAT017462	400	breast cancer	18794369
NONHSAT017462.2	rs217727	NONCODEv4	NONHSAT017462	400	breast cancer	21996731
NONHSAT017462.2	rs217727	NONCODEv4	NONHSAT017462	400	breast cancer	21748294
NONHSAT017462.2	rs217727	NONCODEv4	NONHSAT017462	400	breast cancer	22996375
NONHSAT017462.2	rs217727	NONCODEv4	NONHSAT017462	400	cancer	16189152
NONHSAT017462.2	rs217727	NONCODEv4	NONHSAT017462	400	cancer	15618002
NONHSAT017462.2	rs217727	NONCODEv4	NONHSAT017462	400	melanoma	19968822
NONHSAT017462.2	rs217727	NONCODEv4	NONHSAT017462	400	Meningioma	23791884
NONHSAT017462.2	rs217727	NONCODEv4	NONHSAT017462	400	Meningioma	20380817
NONHSAT017462.2	rs217727	NONCODEv4	NONHSAT017462	400	colon cancer	15521051
NONHSAT017462.2	rs217727	NONCODEv4	NONHSAT017462	400	colon cancer	19926638
NONHSAT017462.2	rs217727	NONCODEv4	NONHSAT017462	400	neural tube defects	22234160
NONHSAT017462.2	rs217727	NONCODEv4	NONHSAT017462	400	neuroblastoma	23791884
NONHSAT017462.2	rs217727	NONCODEv4	NONHSAT017462	400	obesity	22341586
NONHSAT017462.2	rs217727	NONCODEv4	NONHSAT017462	400	ovarian cancer	19656414
NONHSAT017462.2	rs217727	NONCODEv4	NONHSAT017462	400	pheochromocytoma	21937622
NONHSAT017462.2	rs217727	NONCODEv4	NONHSAT017462	400	Pituitary adenoma	23791884
NONHSAT017462.2	rs217727	NONCODEv4	NONHSAT017462	400	Prader-Willi syndrome	23791884
NONHSAT017462.2	rs217727	NONCODEv4	NONHSAT017462	400	pre-eclampsia	19570415
NONHSAT017462.2	rs217727	NONCODEv4	NONHSAT017462	400	prostat	24373479
NONHSAT017462.2	rs217727	NONCODEv4	NONHSAT017462	400	Silver-Russell syndrome	21150838
NONHSAT017462.2	rs217727	NONCODEv4	NONHSAT017462	400	Silver-Russell syndrome	19066168
NONHSAT017462.2	rs217727	NONCODEv4	NONHSAT017462	400	trophoblastic tumor	8188082
NONHSAT017462.2	rs217727	NONCODEv4	NONHSAT017462	400	tumor	23429271
NONHSAT017462.2	rs217727	NONCODEv4	NONHSAT017462	400	tumor	24703882
NONHSAT017462.2	rs217727	NONCODEv4	NONHSAT017462	400	tumor	23660942
NONHSAT017462.2	rs217727	NONCODEv4	NONHSAT017462	400	Wiedemann-Beckwith syndrome	21058226
NONHSAT017462.2	rs217727	NONCODEv4	NONHSAT017462	400	Wilms' tumor	22470196
NONHSAT017462.2	rs217727	NONCODEv4	NONHSAT017462	400	Wilms' tumor	16179496
NONHSAT017462.2	rs217727	NONCODEv4	NONHSAT017462	400	hepatocelluar carcinoma	17786216
NONHSAT017462.2	rs217727	NONCODEv4	NONHSAT017462	400	hepatocelluar carcinoma	24757675
NONHSAT017462.2	rs217727	NONCODEv4	NONHSAT017462	400	melanoma	11437411
NONHSAT017462.2	rs217727	NONCODEv4	NONHSAT017462	400	melanoma	20483645
NONHSAT017462.2	rs217727	NONCODEv4	NONHSAT017462	400	liver cancer	22996375
NONHSAT017462.2	rs217727	NONCODEv4	NONHSAT017462	400	lung cancer	16707459
NONHSAT017462.2	rs217727	NONCODEv4	NONHSAT017462	400	liver cancer	21163252
NONHSAT017462.2	rs217727	NONCODEv4	NONHSAT017462	400	liver cancer	24499465
NONHSAT017462.2	rs217727	NONCODEv4	NONHSAT017462	400	Marek's disease	10696440
NONHSAT017462.2	rs217727	NONCODEv4	NONHSAT017462	400	Medulloblastoma	23791884
NONHSAT017462.2	rs217727	NONCODEv4	NONHSAT017462	400	lung cancer	24499465
NONHSAT017462.2	rs217727	NONCODEv4	NONHSAT017462	400	lung cancer	22996375
NONHSAT017462.2	rs217727	NONCODEv4	NONHSAT017462	400	Mullerian aplasia	21458801
NONHSAT017462.2	rs217727	NONCODEv4	NONHSAT017462	400	myeloproliferative polycythaemia vera	10640993
NONHSAT017462.2	rs217727	NONCODEv4	NONHSAT017462	400	Medulloblastoma	20380817
NONHSAT017463.2	rs217727	PMID26117828	TCONS_00005650	197	NA	NA
NONHSAT017464.2	rs217727	NAME	H19	374	NA	NA
NONHSAT017465.2	rs217727	PMID24108091	m121218_222657_00126_c100449542550000001523046302151302_s1_p0/22622/ccs.path1	406	NA	NA
NONHSAT017466.2	rs217727	lncipedia	lnc-C11orf89-2-3_dup1	378	NA	NA
NONHSAT017467.2	rs217727	NAME	H19	312	NA	NA
NONHSAT017468.2	rs217727	NONCODEv4	NONHSAT017468	310	NA	NA
NONHSAT017469.2	rs217727	NONCODEv4	NONHSAT017469	318	NA	NA
NONHSAT017470.2	rs217727	lncipedia	lnc-C11orf89-2-7_dup1	349	NA	NA
NONHSAT017471.2	rs217727	NONCODEv4	NONHSAT017471	305	NA	NA
NONHSAT017472.2	rs217727	NAME	H19	206	NA	NA
NONHSAT018228.2	rs1557765	lncipedia	lnc-RP1-239B22.1.1-1-1_dup1,lnc-RP1-239B22.1.1-1-1	149	NA	NA
NONHSAT018228.2	rs10734252	lncipedia	lnc-RP1-239B22.1.1-1-1_dup1,lnc-RP1-239B22.1.1-1-1	149	NA	NA
NONHSAT018763.2	rs1355223	NONCODEv4	NONHSAT018763	17	NA	NA
NONHSAT021290.2	rs1681630	lncipedia	lnc-PTPRJ-1-1_dup1	19	NA	NA
NONHSAT021765.2	rs1061093	noncodeV3	n335453	89	NA	NA
NONHSAT022024.2	rs606458	lncipedia	lnc-PPP2R5B-5-1_dup1,lnc-PPP2R5B-5-1	136	NA	NA
NONHSAT022318.2	rs1815739	PMID26117828	TCONS_00006180	48	NA	NA
NONHSAT023561.2	rs17221829	NONCODEv4	NONHSAT023561	177	NA	NA
NONHSAT028182.2	rs12817211	gencode	ENST00000552061.1	195	NA	NA
NONHSAT028740.2	rs705704	lncipedia	lnc-PMEL-2-1_dup1	17	NA	NA
NONHSAT028989.2	rs6581157	NAME	RP11-620J15.2	141	NA	NA
NONHSAT028991.2	rs3751331	noncodeV3	n373039	63	NA	NA
NONHSAT030604.2	rs3742020	PMID26117828	TCONS_00007910	66	NA	NA
NONHSAT030736.2	rs739496	PMID26117828	TCONS_00008393	301	NA	NA
NONHSAT030790.2	rs7978068	NAME	RP1-267L14.3	27	NA	NA
NONHSAT031256.2	rs2251468	PMID23040067	HI-LNC70	1618	NA	NA
NONHSAT031256.2	rs2650000	PMID23040067	HI-LNC70	1618	NA	NA
NONHSAT031256.2	rs2255531	PMID23040067	HI-LNC70	1618	NA	NA
NONHSAT031256.2	rs12815613	PMID23040067	HI-LNC70	1618	NA	NA
NONHSAT031256.2	rs7953249	PMID23040067	HI-LNC70	1618	NA	NA
NONHSAT031256.2	rs7305618	PMID23040067	HI-LNC70	1618	NA	NA
NONHSAT035981.2	rs8010715	NONCODEv4	NONHSAT035981	46	NA	NA
NONHSAT035982.2	rs8010715	PMID26117828	TCONS_00010368	50	NA	NA
NONHSAT036355.2	rs3759549	NONCODEv4	NONHSAT036355	166	NA	NA
NONHSAT039466.2	rs7148498	NONCODEv4	NONHSAT039466	44	NA	NA
NONHSAT040174.2	rs2765041	NAME	RP11-600F24.7	203	NA	NA
NONHSAT040192.2	rs709400	PMID26117828	PNCT_HSA176323	160	NA	NA
NONHSAT047568.2	rs1062980	lncipedia	lnc-CHRNA3-5-1_dup1,lnc-CHRNA3-5-1	34	NA	NA
NONHSAT047568.2	rs7174348	lncipedia	lnc-CHRNA3-5-1_dup1,lnc-CHRNA3-5-1	34	NA	NA
NONHSAT047580.2	rs7170068	noncodeV3	Human	162	NA	NA
NONHSAT047580.2	rs8040868	noncodeV3	Human	162	NA	NA
NONHSAT051820.2	rs9932866	ensembl	ENST00000573609	279	NA	NA
NONHSAT051844.2	rs4984682	ensembl	ENST00000575305	286	NA	NA
NONHSAT052013.2	rs1065656	PMID26117828	PNCT_HSA041176	47	NA	NA
NONHSAT052013.2	rs1065666	PMID26117828	PNCT_HSA041176	47	NA	NA
NONHSAT052571.2	rs756766	gencode	ENST00000577850.1	48	NA	NA
NONHSAT052571.2	rs708100	gencode	ENST00000577850.1	48	NA	NA
NONHSAT052808.2	rs180950758	lncipedia	lnc-ATAD5-3-6	146	NA	NA
NONHSAT052809.2	rs180950758	PMID26117828	PNCT_HSA212430	71	NA	NA
NONHSAT052910.2	rs28649357	ensembl	ENST00000582640	35	NA	NA
NONHSAT053364.2	rs1043515	PMID26117828	PNCT_HSA048426	143	NA	NA
NONHSAT053365.2	rs1043515	PMID22140575	brain_Pred17660	147	NA	NA
NONHSAT053429.2	rs11078895	lncipedia	lnc-RPL19-3-1	79	NA	NA
NONHSAT053432.2	rs11078895	PMID26117828	PNCT_HSA048501	258	NA	NA
NONHSAT053433.2	rs11078895	PMID26117828	TCONS_00016167	281	NA	NA
NONHSAT053434.2	rs11078895	NONCODEv4	NONHSAT053434	32	NA	NA
NONHSAT053435.2	rs11078895	lncipedia	lnc-RPL19-3-7_dup1	33	NA	NA
NONHSAT053460.2	rs12453682	PMID23818866	FPKM1_group_12710_transcr	14	NA	NA
NONHSAT053492.2	rs12453507	PMID23818866	FPKM1_group_12714_transcr	116	NA	NA
NONHSAT053659.2	rs11079018	ensembl	ENST00000560400	99	NA	NA
NONHSAT054003.2	rs12326005	lncipedia	lnc-DCAKD-1-1_dup1,lnc-DCAKD-1-1	370	NA	NA
NONHSAT054160.2	rs2942168	PMID26117828	PNCT_HSA214243	105	NA	NA
NONHSAT054162.2	rs2942168	NONCODEv4	NONHSAT054162	119	NA	NA
NONHSAT054165.2	rs2942168	PMID26117828	PNCT_HSA214246	151	NA	NA
NONHSAT054167.2	rs2942168	lncipedia	lnc-C17orf69-2-12_dup1	65	NA	NA
NONHSAT054170.2	rs393152	PMID26117828	PNCT_HSA214249	123	NA	NA
NONHSAT054172.2	rs393152	NONCODEv4	NONHSAT054172	98	NA	NA
NONHSAT054176.2	rs7225384	PMID26117828	PNCT_HSA049123	36	NA	NA
NONHSAT054177.2	rs7225384	PMID26117828	PNCT_HSA049124	20	NA	NA
NONHSAT054178.2	rs75022332	PMID26117828	TCONS_00015847	35	NA	NA
NONHSAT054184.2	rs3785879	PMID26117828	PNCT_HSA049128	63	NA	NA
NONHSAT054185.2	rs3785879	NAME	RP11-669E14.4	37	NA	NA
NONHSAT054186.2	rs17563986	PMID26117828	PNCT_HSA049131	158	NA	NA
NONHSAT054187.2	rs17563986	lncipedia	lnc-KIAA1267-7-1_dup1	132	NA	NA
NONHSAT054188.2	rs9904290	PMID26117828	TCONS_00016397	157	NA	NA
NONHSAT054189.2	rs9904290	NONCODEv4	NONHSAT054189	87	NA	NA
NONHSAT054194.2	rs1052553	noncodeV3	n335208	133	NA	NA
NONHSAT054368.2	rs72823592	NONCODEv4	NONHSAT054368	127	NA	NA
NONHSAT054701.2	rs6504675	PMID26117828	TCONS_00015899	59	NA	NA
NONHSAT054702.2	rs6504675	ensembl	ENST00000505495	46	NA	NA
NONHSAT054945.2	rs2632516	gencode	ENST00000579003.1	170	NA	NA
NONHSAT055886.2	rs959260	NONCODEv4	NONHSAT055886	20	NA	NA
NONHSAT055887.2	rs959260	lncipedia	lnc-SLC25A19-1-1_dup1,lnc-SLC25A19-1-1	154	NA	NA
NONHSAT055957.2	rs1055129	PMID26117828	TCONS_00016965	261	NA	NA
NONHSAT056448.2	rs906175	ensembl	ENST00000571085	98	NA	NA
NONHSAT061043.2	rs5498	ensembl	ENST00000592893	158	NA	NA
NONHSAT061051.2	rs3093030	noncodeV3	Human	381	NA	NA
NONHSAT063038.2	rs72999033	NONCODEv4	NONHSAT063038	80	NA	NA
NONHSAT063044.2	rs140868651	NONCODEv4	NONHSAT063044	92	NA	NA
NONHSAT063044.2	rs769267	NONCODEv4	NONHSAT063044	92	NA	NA
NONHSAT063070.2	rs2304098	noncodeV3	Human	279	NA	NA
NONHSAT066773.2	rs13181	noncodeV3	n335789	66	NA	NA
NONHSAT075516.2	rs836589	PMID26117828	PNCT_HSA240622	123	NA	NA
NONHSAT077961.2	rs34426467	lncipedia	lnc-ING5-1-2	284	NA	NA
NONHSAT077970.2	rs34119918	lncipedia	lnc-DTYMK-1-2	558	NA	NA
NONHSAT079358.2	rs159428	noncodeV3	Human	95	NA	NA
NONHSAT079455.2	rs17092148	lncipedia	lnc-NCOA6-3-1_dup1,lnc-NCOA6-3-1	39	NA	NA
NONHSAT083306.2	rs1210638	PMID26117828	TCONS_00025326	230	NA	NA
NONHSAT083308.2	rs1210638	NONCODEv4	NONHSAT083308	225	NA	NA
NONHSAT083310.2	rs1210638	PMID26117828	TCONS_00025328	302	DiGeorge syndrome	19050060
NONHSAT083310.2	rs1210638	PMID26117828	TCONS_00025328	302	Huntington's disease	23346095
NONHSAT083310.2	rs1210638	PMID26117828	TCONS_00025328	302	velocardiofacial syndrome	20380817
NONHSAT083310.2	rs1210638	PMID26117828	TCONS_00025328	302	DiGeorge syndrome	8659529
NONHSAT083312.2	rs11914070	PMID23040067	HI-LNC1255	735	NA	NA
NONHSAT083312.2	rs2540647	PMID23040067	HI-LNC1255	735	NA	NA
NONHSAT083317.2	rs1210638	NONCODEv4	NONHSAT083317	314	NA	NA
NONHSAT083319.2	rs1210638	lncipedia	lnc-DGCR6-2-18	240	NA	NA
NONHSAT083437.2	rs4680	lncipedia	lnc-C22orf25-3-1_dup1	38	NA	NA
NONHSAT083439.2	rs4680	NONCODEv4	NONHSAT083439	56	NA	NA
NONHSAT083445.2	rs12628032	noncodeV3	n334616	16	NA	NA
NONHSAT083446.2	rs12628032	NONCODEv4	NONHSAT083446,NONHSAT083445	16	NA	NA
NONHSAT083483.2	rs1640299	ensembl	ENST00000412713	34	NA	NA
NONHSAT084745.2	rs41157	NONCODEv4	NONHSAT084745	60	NA	NA
NONHSAT084746.2	rs41157	lncipedia	lnc-LIF-2-7_dup1	47	NA	NA
NONHSAT084976.2	rs5994578	lncipedia	lnc-SYN3-5-1_dup1,lnc-SYN3-5-1	120	NA	NA
NONHSAT086880.2	rs8139770	PMID23818866	FPKM1_group_20568_transcr	60	NA	NA
NONHSAT086892.2	rs9611519	lncipedia	lnc-CHADL-1-1	207	NA	NA
NONHSAT086893.2	rs9611519	NONCODEv4	NONHSAT086893	109	NA	NA
NONHSAT087008.2	rs1062753	PMID26117828	TCONS_00025583	297	NA	NA
NONHSAT087030.2	rs1065852	PMID26117828	PNCT_HSA076967	80	NA	NA
NONHSAT087043.2	rs134882	PMID23040067	HI-LNC1271	474	NA	NA
NONHSAT087044.2	rs134882	PMID26117828	PNCT_HSA076977	47	NA	NA
NONHSAT087070.2	rs137115	noncodeV3	n4541	217	NA	NA
NONHSAT087071.2	rs137115	NAME	RNU12	200	NA	NA
NONHSAT089601.2	rs3172494	PMID26117828	PNCT_HSA258207	135	NA	NA
NONHSAT089703.2	rs4625	NONCODEv4	NONHSAT089703	550	NA	NA
NONHSAT089721.2	rs9837520	PMID26117828	PNCT_HSA079326	86	NA	NA
NONHSAT089767.2	rs11130222	NONCODEv4	NONHSAT089767	11	NA	NA
NONHSAT089768.2	rs11712056	PMID26117828	PNCT_HSA079356	32	NA	NA
NONHSAT090124.2	rs9311676	lncipedia	lnc-KCTD6-1-2	15	NA	NA
NONHSAT090127.2	rs9311676	PMID26117828	TCONS_00027235	22	NA	NA
NONHSAT090128.2	rs9311676	PMID26117828	PNCT_HSA258740	16	NA	NA
NONHSAT090129.2	rs9311676	noncodeV3	Human	8	NA	NA
NONHSAT090130.2	rs9311676	PMID26117828	PNCT_HSA079660	9	NA	NA
NONHSAT090131.2	rs9311676	NONCODEv4	NONHSAT090131	9	NA	NA
NONHSAT091384.2	rs16829840	NONCODEv4	NONHSAT091384	99	NA	NA
NONHSAT092809.2	rs701145	NONCODEv4	NONHSAT092809	66	NA	NA
NONHSAT095035.2	rs12119	ensembl	ENST00000500031	256	NA	NA
NONHSAT097403.2	rs2245801	NONCODEv4	NONHSAT097403	48	NA	NA
NONHSAT097404.2	rs2245801	lncipedia	lnc-MMRN1-1-2_dup1	157	NA	NA
NONHSAT097499.2	rs62323189	NONCODEv4	NONHSAT097499	128	NA	NA
NONHSAT097518.2	rs6532798	gencode	ENST00000500358.5	263	NA	NA
NONHSAT101238.2	rs62372132	NONCODEv4	NONHSAT101238	556	NA	NA
NONHSAT101637.2	rs26949	PMID26117828	PNCT_HSA273975	118	NA	NA
NONHSAT105398.2	rs3088050	NONCODEv4	NONHSAT105398	113	NA	NA
NONHSAT105404.2	rs72813180	NONCODEv4	NONHSAT105404	100	NA	NA
NONHSAT106964.2	rs2272990	NONCODEv4	NONHSAT106964	40	NA	NA
NONHSAT106965.2	rs2272990	NAME	\N	202	NA	NA
NONHSAT108682.2	rs886424	NONCODEv4	NONHSAT108682	179	NA	NA
NONHSAT108709.2	rs9262631	ensembl	ENST00000565192	106	NA	NA
NONHSAT108710.2	rs9262631	refseq	NR_003948	132	NA	NA
NONHSAT108716.2	rs9262631	lncipedia	lnc-MUC22-1-6_dup1,lnc-MUC22-1-6	350	NA	NA
NONHSAT108716.2	rs9262632	lncipedia	lnc-MUC22-1-6_dup1,lnc-MUC22-1-6	350	NA	NA
NONHSAT108733.2	rs1062630	NONCODEv4	NONHSAT108733	70	NA	NA
NONHSAT108734.2	rs1265158	PMID26117828	PNCT_HSA284525	244	psoriasis	16965413
NONHSAT108734.2	rs1265158	PMID26117828	PNCT_HSA284525	244	papillary thyroid carcinoma	19147577
NONHSAT108734.2	rs1265158	PMID26117828	PNCT_HSA284525	244	psoriasis	15848982
NONHSAT108734.2	rs885950	PMID26117828	PNCT_HSA284525	244	psoriasis	16965413
NONHSAT108734.2	rs885950	PMID26117828	PNCT_HSA284525	244	papillary thyroid carcinoma	19147577
NONHSAT108734.2	rs885950	PMID26117828	PNCT_HSA284525	244	psoriasis	15848982
NONHSAT108734.2	rs3131018	PMID26117828	PNCT_HSA284525	244	psoriasis	16965413
NONHSAT108734.2	rs3131018	PMID26117828	PNCT_HSA284525	244	papillary thyroid carcinoma	19147577
NONHSAT108734.2	rs3131018	PMID26117828	PNCT_HSA284525	244	psoriasis	15848982
NONHSAT108734.2	rs1265159	PMID26117828	PNCT_HSA284525	244	psoriasis	16965413
NONHSAT108734.2	rs1265159	PMID26117828	PNCT_HSA284525	244	papillary thyroid carcinoma	19147577
NONHSAT108734.2	rs1265159	PMID26117828	PNCT_HSA284525	244	psoriasis	15848982
NONHSAT108734.2	rs879882	PMID26117828	PNCT_HSA284525	244	psoriasis	16965413
NONHSAT108734.2	rs879882	PMID26117828	PNCT_HSA284525	244	papillary thyroid carcinoma	19147577
NONHSAT108734.2	rs879882	PMID26117828	PNCT_HSA284525	244	psoriasis	15848982
NONHSAT108739.2	rs28749551	lncipedia	lnc-POU5F1-10-1,lnc-POU5F1-10-2	270	NA	NA
NONHSAT108741.2	rs9263868	NONCODEv4	NONHSAT108741	27	NA	NA
NONHSAT108747.2	rs1049281	NONCODEv4	NONHSAT108747	88	NA	NA
NONHSAT108751.2	rs1634794	PMID26117828	PNCT_HSA099245	13	NA	NA
NONHSAT108756.2	rs1050529	NONCODEv4	NONHSAT108756	564	NA	NA
NONHSAT108757.2	rs1050529	NAME	XXbac-BPG248L24.12	482	NA	NA
NONHSAT108761.2	rs4143333	lncipedia	lnc-MICA-7-1_dup1,lnc-MICA-7-1	41	NA	NA
NONHSAT108761.2	rs4143332	lncipedia	lnc-MICA-7-1_dup1,lnc-MICA-7-1	41	NA	NA
NONHSAT108763.2	rs1521	PMID23818866	FPKM1_group_27452_transcr	73	NA	NA
NONHSAT108764.2	rs1521	lncipedia	lnc-HLA-B-1-1_dup1	20	NA	NA
NONHSAT108768.2	rs2395029	NONCODEv4	NONHSAT108768	173	NA	NA
NONHSAT108777.2	rs3099844	NONCODEv4	NONHSAT108777	87	NA	NA
NONHSAT108902.2	rs3117098	NAME	HCG23	59	NA	NA
NONHSAT108907.2	rs9268831	lncipedia	lnc-HLA-DRB5-1-1_dup1	72	NA	NA
NONHSAT108921.2	rs2854275	NONCODEv4	NONHSAT108921	85	NA	NA
NONHSAT112146.2	rs6938239	NONCODEv4	NONHSAT112146	17	NA	NA
NONHSAT113901.2	rs9362426	lncipedia	lnc-C6orf164-2-1_dup1	491	NA	NA
NONHSAT118775.2	rs6952808	lncipedia	lnc-AC110781.3.1-2-1	422	NA	NA
NONHSAT124860.2	rs2980439	PMID26117828	PNCT_HSA304987	108	NA	NA
NONHSAT124860.2	rs2948294	PMID26117828	PNCT_HSA304987	108	NA	NA
NONHSAT124862.2	rs2945232	lncipedia	lnc-PRAGMIN.1-7-1	73	NA	NA
NONHSAT124863.2	rs2945232	ensembl	ENST00000519320	68	NA	NA
NONHSAT124864.2	rs2945232	noncodeV3	n346065	135	NA	NA
NONHSAT124865.2	rs2945232	ensembl	ENST00000522393	53	NA	NA
NONHSAT124866.2	rs2945232	NONCODEv4	NONHSAT124866	273	NA	NA
NONHSAT124866.2	rs2955587	NONCODEv4	NONHSAT124866	273	NA	NA
NONHSAT124874.2	rs2921057	PMID26117828	PNCT_HSA112559	46	NA	NA
NONHSAT124985.2	rs3750310	NONCODEv4	NONHSAT124985	203	NA	NA
NONHSAT125508.2	rs10104039	gencode	ENST00000566457.1	288	NA	NA
NONHSAT126666.2	rs2953898	noncodeV3	Human	210	NA	NA
NONHSAT127811.2	rs896847	noncodeV3	Human	74	NA	NA
NONHSAT128025.2	rs3134353	noncodeV3	n385430	128	NA	NA
NONHSAT133739.2	rs1929494	PMID22140575	mixed_Pred48455	80	NA	NA
NONHSAT137206.2	rs12384986	ensembl	ENST00000458382	8	NA	NA
NONHSAT140566.2	rs6498184	lncipedia	lnc-PRM1-1-1_dup1	37	NA	NA
NONHSAT141480.2	rs2650492	NONCODEv4	NONHSAT141480	108	NA	NA
NONHSAT141526.2	rs2008514	NAME	RP11-1348G14.1	53	NA	NA
NONHSAT141672.2	rs12691307	gencode	ENST00000450909.3	62	NA	NA
NONHSAT141673.2	rs12691307	PMID26117828	PNCT_HSA205106	44	NA	NA
NONHSAT141819.2	rs897984	NAME	MIR4519	66	NA	NA
NONHSAT141865.2	rs9925964	ensembl	ENST00000576336	23	NA	NA
NONHSAT143019.2	rs3743714	ensembl	ENST00000563151	183	NA	NA
NONHSAT144741.2	rs684232	NONCODEv4	NONHSAT144741	251	NA	NA
NONHSAT144742.2	rs684232	PMID26117828	PNCT_HSA045790	33	NA	NA
NONHSAT145163.2	rs73976310	NAME	AC012146.7	177	NA	NA
NONHSAT145903.2	rs7477	PMID26117828	PNCT_HSA046924	64	NA	NA
NONHSAT145905.2	rs7477	PMID26117828	PNCT_HSA046926	8	NA	NA
NONHSAT146095.2	rs11656215	lncipedia	lnc-RASD1-3-1_dup1,lnc-RASD1-3-1	136	NA	NA
NONHSAT146130.2	rs62072049	noncodeV3	Human	175	NA	NA
NONHSAT146144.2	rs854765	PMID26117828	PNCT_HSA047132	360	NA	NA
NONHSAT146145.2	rs854765	lncipedia	lnc-ATPAF2-2-2_dup1	320	NA	NA
NONHSAT146146.2	rs854765	NONCODEv4	NONHSAT146146	260	NA	NA
NONHSAT146147.2	rs854765	lncipedia	lnc-ATPAF2-2-1_dup1	415	NA	NA
NONHSAT148375.1	rs2791655	PMID24463510	ENSG00000226849_dup1	221	NA	NA
NONHSAT149217.1	rs11161620	PMID24108091	m121218_154352_00126_c100449542550000001523046302151300_s1_p0/59519/ccs.path1	178	NA	NA
NONHSAT149849.1	rs11264736	gencode	ENST00000608147.1	17	NA	NA
NONHSAT150317.1	rs8024	PMID24108091	m121218_154352_00126_c100449542550000001523046302151300_s1_p0/53038/ccs.path1	141	NA	NA
NONHSAT150323.1	rs1819043	PMID24108091	m121212_111138_00126_c100418772550000001523036412191281_s1_p0/69359/ccs.path1	82	NA	NA
NONHSAT150370.1	rs951366	PMID24463510	ENSG00000247614	42	NA	NA
NONHSAT150383.1	rs11118993	gencode	ENST00000624347.1	139	NA	NA
NONHSAT151247.1	rs7529220	PMID25116943	LCAT_00014495	84	NA	NA
NONHSAT151298.1	rs2997447	PMID24108091	m121212_111138_00126_c100418772550000001523036412191281_s2_p0/70427/ccs.path1	257	NA	NA
NONHSAT152333.1	rs4391701	lncipedia	lnc-DENND4B-4-1	17	NA	NA
NONHSAT152363.1	rs4072037	PMID24108091	m121212_202452_00126_c100418772550000001523036412191285_s1_p0/28140/ccs.path1	142	NA	NA
NONHSAT152481.1	rs6686643	lncipedia	lnc-ALDH9A1-1-1_dup1	123	NA	NA
NONHSAT152551.1	rs12140760	PMID24463510	ENSG00000203739	120	NA	NA
NONHSAT153427.1	rs12725198	PMID25116943	LCAT_00023887	56	NA	NA
NONHSAT153460.1	rs10916805	PMID25116943	LCAT_00023957	66	NA	NA
NONHSAT155769.1	rs1298908	gencode	ENST00000623657.1	288	NA	NA
NONHSAT156016.1	rs17115100	PMID24463510	ENSG00000203886	80	NA	NA
NONHSAT157401.1	rs62621207	gencode	ENST00000608554.1	74	NA	NA
NONHSAT157923.1	rs118033845	PMID25116943	LCAT_00036598	25	NA	NA
NONHSAT158258.1	rs10761660	PMID25116943	LCAT_00037290	33	NA	NA
NONHSAT158737.1	rs217727	PMID24108091	m121218_020727_00126_c100418802550000001523036412191222_s1_p0/36242/ccs.path1	184	NA	NA
NONHSAT159177.1	rs174535	PMID24108091	m121218_111110_00126_c100418802550000001523036412191226_s1_p0/74634/ccs.path1	130	NA	NA
NONHSAT159747.1	rs4938573	PMID23934149	TCONS_00082759	43	NA	NA
NONHSAT159814.1	rs12293670	PMID24108091	m121212_224522_00126_c100418772550000001523036412191286_s1_p0/5700/ccs.path1	54	NA	NA
NONHSAT160006.1	rs217727	PMID24108091	m121218_132759_00126_c100418802550000001523036412191227_s1_p0/55578/ccs.path1	195	NA	NA
NONHSAT160007.1	rs217727	PMID24108091	m130127_222150_00126_c100457742550000001523064703201380_s1_p0/59604/ccs.path1	179	NA	NA
NONHSAT160008.1	rs217727	PMID24463510	ENSG00000130600_dup1	496	NA	NA
NONHSAT160009.1	rs217727	PMID24108091	m130128_074542_00126_c100457742550000001523064703201384_s2_p0/79283/ccs.path1	208	NA	NA
NONHSAT160010.1	rs217727	PMID24108091	m121219_051625_00126_c100449542550000001523046302151305_s2_p0/7226/ccs.path1	262	NA	NA
NONHSAT160011.1	rs217727	PMID24108091	m121212_180544_00126_c100418772550000001523036412191284_s1_p0/59099/ccs.path1	260	NA	NA
NONHSAT160012.1	rs217727	PMID24108091	m121218_132759_00126_c100418802550000001523036412191227_s2_p0/3115/ccs.path1	276	NA	NA
NONHSAT160117.1	rs1330	lncipedia	lnc-KCNJ11-5-1_dup1	93	NA	NA
NONHSAT160118.1	rs7928810	PMID24463510	LocusReverse_22147	9	NA	NA
NONHSAT160374.1	rs174544	PMID24108091	m121218_132759_00126_c100418802550000001523036412191227_s1_p0/26392/ccs.path1	41	NA	NA
NONHSAT160374.1	rs174564	PMID24108091	m121218_132759_00126_c100418802550000001523036412191227_s1_p0/26392/ccs.path1	41	NA	NA
NONHSAT160406.1	rs1059440	PMID24108091	m121219_094927_00126_c100449542550000001523046302151307_s2_p0/6571/ccs.path1	104	NA	NA
NONHSAT160862.1	rs12541	PMID24108091	m130127_103756_00126_c100456792550000001523064703201344_s1_p0/4862/ccs.path1	257	NA	NA
NONHSAT161546.1	rs12365699	PMID25116943	LCAT_00051335	76	NA	NA
NONHSAT161546.1	rs6421571	PMID25116943	LCAT_00051335	76	NA	NA
NONHSAT162784.1	rs759928	PMID23934149	TCONS_00106023	1471	NA	NA
NONHSAT163610.1	rs2020854	PMID24108091	m121218_085412_00126_c100418802550000001523036412191225_s1_p0/37065/ccs.path1	123	NA	NA
NONHSAT163978.1	rs3742020	PMID24463510	ENSG00000255655_dup1	66	NA	NA
NONHSAT164102.1	rs616157	PMID24463510	ENSG00000248008	171	NA	NA
NONHSAT164108.1	rs34734847	PMID24463510	LocusReverse_29543	95	NA	NA
NONHSAT164116.1	rs735396	lncipedia	lnc-C12orf43-3-1	89	NA	NA
NONHSAT164135.1	rs1727307	gencode	ENST00000624878.1	235	NA	NA
NONHSAT165133.1	rs7956536	PMID25116943	LCAT_00066076	382	NA	NA
NONHSAT165172.1	rs6489785	PMID25116943	LCAT_00066182	66	NA	NA
NONHSAT165172.1	rs77741769	PMID25116943	LCAT_00066182	66	NA	NA
NONHSAT165403.1	rs7336332	PMID25116943	LCAT_00066723	126	NA	NA
NONHSAT167405.1	rs9512730	PMID25116943	LCAT_00070857	54	NA	NA
NONHSAT168811.1	rs2160077	lncipedia	lnc-CPSF2-3-1_dup1	118	NA	NA
NONHSAT169220.1	rs10162508	lncipedia	lnc-NFKBIA-4-1_dup1	58	NA	NA
NONHSAT169465.1	rs8022288	lncipedia	lnc-SYNJ2BP-2-1_dup1	86	NA	NA
NONHSAT169497.1	rs10131894	PMID25116943	LCAT_00078303	188	NA	NA
NONHSAT169749.1	rs75837874	PMID25116943	LCAT_00079293	270	NA	NA
NONHSAT169750.1	rs75837874	PMID25116943	LCAT_00079294	258	NA	NA
NONHSAT169751.1	rs75837874	PMID25116943	LCAT_00079295	289	NA	NA
NONHSAT169752.1	rs75837874	PMID25116943	LCAT_00079296	247	NA	NA
NONHSAT169753.1	rs4906332	PMID25116943	LCAT_00079297	118	NA	NA
NONHSAT169755.1	rs709400	PMID24463510	ENSG00000246451	167	NA	NA
NONHSAT170703.1	rs1942	PMID24108091	m121218_020727_00126_c100418802550000001523036412191222_s2_p0/79354/ccs.path1	162	NA	NA
NONHSAT171817.1	rs57141546	gencode	ENST00000618835.1	139	NA	NA
NONHSAT172351.1	rs2036527	PMID25116943	LCAT_00089824	99	NA	NA
NONHSAT172359.1	rs656900	PMID25116943	LCAT_00089845	132	NA	NA
NONHSAT172542.1	rs1065656	PMID24108091	m121218_111110_00126_c100418802550000001523036412191226_s2_p0/9238/ccs.path1	259	NA	NA
NONHSAT172542.1	rs1065666	PMID24108091	m121218_111110_00126_c100418802550000001523036412191226_s2_p0/9238/ccs.path1	259	NA	NA
NONHSAT172828.1	rs7359397	lncipedia	lnc-SH2B1-1-1	13	NA	NA
NONHSAT172850.1	rs4787491	lncipedia	lnc-TAOK2-2-2_dup1	86	NA	NA
NONHSAT173120.1	rs42945	PMID24108091	m130127_055628_00126_c100456792550000001523064703201342_s2_p0/53233/ccs.path1	201	NA	NA
NONHSAT173236.1	rs12927768	PMID23934149	TCONS_00166254	104	NA	NA
NONHSAT173242.1	rs1122531	lncipedia	lnc-IST1-2-1_dup1	143	NA	NA
NONHSAT173773.1	rs9938550	gencode	ENST00000624286.1	492	NA	NA
NONHSAT174934.1	rs7477	PMID24463510	ENSG00000225436	33	NA	NA
NONHSAT174966.1	rs11658309	gencode	ENST00000354746.4	99	NA	NA
NONHSAT175268.1	rs393152	lncipedia	lnc-C17orf69-2-17_dup1	122	NA	NA
NONHSAT175269.1	rs393152	lncipedia	lnc-C17orf69-1-2_dup1	60	NA	NA
NONHSAT175274.1	rs2532345	PMID25116943	LCAT_00113935	193	NA	NA
NONHSAT175274.1	rs4988900	PMID25116943	LCAT_00113935	193	NA	NA
NONHSAT175735.1	rs906175	PMID24108091	m121219_094927_00126_c100449542550000001523046302151307_s2_p0/39549/ccs.path1	184	NA	NA
NONHSAT175903.1	rs6761	PMID24108091	m121212_180544_00126_c100418772550000001523036412191284_s1_p0/79896/ccs.path1	212	NA	NA
NONHSAT176064.1	rs13469	PMID24108091	m121218_042125_00126_c100418802550000001523036412191223_s2_p0/25452/ccs.path1	57	NA	NA
NONHSAT176272.1	rs7225384	PMID24463510	Locus_87502	38	NA	NA
NONHSAT176277.1	rs2435201	PMID26117828	PNCT_HSA214261	32	NA	NA
NONHSAT176278.1	rs2435201	lncipedia	lnc-KIAA1267-4-2	230	NA	NA
NONHSAT176279.1	rs2435201	lncipedia	lnc-KIAA1267-4-1	66	NA	NA
NONHSAT176282.1	rs17692129	lncipedia	lnc-WNT3-3-1	13	NA	NA
NONHSAT176346.1	rs6504675	PMID24463510	ENSG00000250107	67	NA	NA
NONHSAT176679.1	rs4625783	PMID24108091	m121218_154352_00126_c100449542550000001523046302151300_s1_p0/20229/ccs.path1	174	NA	NA
NONHSAT176938.1	rs12453682	PMID25116943	LCAT_00113816	94	NA	NA
NONHSAT176939.1	rs8067378	PMID25116943	LCAT_00113820	27	NA	NA
NONHSAT176985.1	rs242947	PMID25116943	LCAT_00113925	55	NA	NA
NONHSAT178124.1	rs28735056	PMID25116943	LCAT_00116432	76	NA	NA
NONHSAT179413.1	rs2278236	lncipedia	lnc-RAB11B-3-1	18	NA	NA
NONHSAT179731.1	rs2304176	PMID24108091	m121218_111110_00126_c100418802550000001523036412191226_s2_p0/50545/ccs.path1	111	NA	NA
NONHSAT180241.1	rs2285627	lncipedia	lnc-TSSK6-1-2_dup1	251	NA	NA
NONHSAT180243.1	rs2285627	lncipedia	lnc-TSSK6-1-1	254	NA	NA
NONHSAT180304.1	rs17513613	PMID24463510	blastnMacaque.Locus_449197	33	NA	NA
NONHSAT180304.1	rs8102137	PMID24463510	blastnMacaque.Locus_449197	33	NA	NA
NONHSAT180671.1	rs7254272	PMID25116943	LCAT_00130118	120	NA	NA
NONHSAT180672.1	rs67820526	PMID25116943	LCAT_00130119	124	NA	NA
NONHSAT180720.1	rs11086102	PMID25116943	LCAT_00130300	65	NA	NA
NONHSAT182034.1	rs1137	PMID25116943	LCAT_00133487	800	NA	NA
NONHSAT182035.1	rs1137	PMID25116943	LCAT_00133488	693	NA	NA
NONHSAT182459.1	rs62158211	PMID25116943	LCAT_00135318	407	NA	NA
NONHSAT182461.1	rs55685007	PMID25116943	LCAT_00135321	338	NA	NA
NONHSAT183079.1	rs9789538	PMID24463510	LocusForward_49926	46	NA	NA
NONHSAT183947.1	rs76527535	PMID24463510	Locus_100783	47	NA	NA
NONHSAT184552.1	rs698761	PMID24108091	m130127_174513_00126_c100456792550000001523064703201347_s1_p0/50990/ccs.path1	256	NA	NA
NONHSAT184938.1	rs6708331	PMID24463510	blastnMacaque.Locus_61615	47	NA	NA
NONHSAT185135.1	rs11886999	lncipedia	lnc-STARD7-1-1_dup1	52	NA	NA
NONHSAT185365.1	rs62158170	PMID25116943	LCAT_00144226	111	NA	NA
NONHSAT185367.1	rs62158211	PMID25116943	LCAT_00144228	329	NA	NA
NONHSAT185455.1	rs10199109	PMID25116943	LCAT_00144395	172	NA	NA
NONHSAT185456.1	rs10199109	PMID25116943	LCAT_00144396	188	NA	NA
NONHSAT185457.1	rs10199109	PMID25116943	LCAT_00144397	186	NA	NA
NONHSAT185458.1	rs10199109	PMID25116943	LCAT_00144398	206	NA	NA
NONHSAT185459.1	rs10199109	PMID25116943	LCAT_00144400	203	NA	NA
NONHSAT186242.1	rs12694039	PMID26117828	PNCT_HSA069222	26	NA	NA
NONHSAT186550.1	rs35320439	PMID24463510	LocusReverse_47993	9	NA	NA
NONHSAT186705.1	rs807624	PMID25116943	LCAT_00148464	136	NA	NA
NONHSAT188374.1	rs1127354	PMID24108091	m121218_180114_00126_c100449542550000001523046302151301_s1_p0/76147/ccs.path1	176	NA	NA
NONHSAT188679.1	rs11906160	lncipedia	lnc-ACSS2-2-1	363	NA	NA
NONHSAT189380.1	rs13734	PMID24108091	m121218_020727_00126_c100418802550000001523036412191222_s2_p0/74468/ccs.path1	162	NA	NA
NONHSAT189592.1	rs6088590	lncipedia	lnc-PIGU-2-1	108	NA	NA
NONHSAT190254.1	rs548466113	PMID25116943	LCAT_00157749	36	NA	NA
NONHSAT191958.1	rs34891900	PMID24108091	m130128_004308_00126_c100457742550000001523064703201381_s1_p0/38042/ccs.path1	49	NA	NA
NONHSAT192269.1	rs5994578	lncipedia	lnc-FBXO7-1-1_dup1	134	NA	NA
NONHSAT192435.1	rs2142694	lncipedia	lnc-C22orf32-2-2_dup1	58	NA	NA
NONHSAT192657.1	rs1974653	lncipedia	lnc-AC006547.14.1-1-1	86	NA	NA
NONHSAT192799.1	rs41157	gencode	ENST00000624945.1	3057	NA	NA
NONHSAT192799.1	rs5763674	gencode	ENST00000624945.1	3057	NA	NA
NONHSAT192880.1	rs28430325	PMID25116943	LCAT_00165949	324	NA	NA
NONHSAT192936.1	rs8139770	PMID25116943	LCAT_00166321	137	NA	NA
NONHSAT192937.1	rs8139770	PMID25116943	LCAT_00166322	191	NA	NA
NONHSAT192941.1	rs9611519	PMID24463510	ENSG00000235513	207	NA	NA
NONHSAT193859.1	rs4955417	gencode	ENST00000440528.3,ENST00000622888.1	75	NA	NA
NONHSAT193870.1	rs2013208	PMID24108091	m121218_132759_00126_c100418802550000001523036412191227_s1_p0/81229/ccs.path1	149	NA	NA
NONHSAT195422.1	rs3729931	PMID24108091	m121212_202452_00126_c100418772550000001523036412191285_s1_p0/17212/ccs.path1	283	NA	NA
NONHSAT195730.1	rs3172494	PMID24108091	m130128_074542_00126_c100457742550000001523064703201384_s1_p0/4242/ccs.path1	113	NA	NA
NONHSAT195744.1	rs4625	PMID24463510	ENSG00000226913_dup1	127	NA	NA
NONHSAT195785.1	rs11242	PMID24108091	m121218_042125_00126_c100418802550000001523036412191223_s2_p0/33847/ccs.path1	83	NA	NA
NONHSAT195785.1	rs2564921	PMID24108091	m121218_042125_00126_c100418802550000001523036412191223_s2_p0/33847/ccs.path1	83	NA	NA
NONHSAT197521.1	rs2712431	PMID25116943	LCAT_00182069	99	NA	NA
NONHSAT197523.1	rs6782228	PMID25116943	LCAT_00182071	23	NA	NA
NONHSAT198534.1	rs1507086	PMID24108091	m121212_202452_00126_c100418772550000001523036412191285_s1_p0/8723/ccs.path1	225	NA	NA
NONHSAT198535.1	rs1507086	PMID24108091	m121218_020727_00126_c100418802550000001523036412191222_s2_p0/43852/ccs.path1	122	NA	NA
NONHSAT198824.1	rs2245801	PMID24463510	ENSG00000247775	175	NA	NA
NONHSAT198855.1	rs6532798	PMID24463510	ENSG00000246090	423	NA	NA
NONHSAT199704.1	rs12119	PMID24463510	ENSG00000245748	255	NA	NA
NONHSAT200243.1	rs1054037	PMID24108091	m130127_174513_00126_c100456792550000001523064703201347_s1_p0/24751/ccs.path1	95	NA	NA
NONHSAT201231.1	rs7684253	PMID25116943	LCAT_00192800	28	NA	NA
NONHSAT202640.1	rs26949	PMID24463510	ENSG00000152931	223	NA	NA
NONHSAT203666.1	rs335424	lncipedia	lnc-TMED9-3-1_dup1	523	NA	NA
NONHSAT203866.1	rs13361160	PMID25116943	LCAT_00200065	360	NA	NA
NONHSAT206313.1	rs959573	PMID25116943	LCAT_00206172	71	NA	NA
NONHSAT207098.1	rs9262631	ensembl	ENST00000615046	102	NA	NA
NONHSAT207099.1	rs9262631	PMID24463510	ENSG00000228789	117	NA	NA
NONHSAT207100.1	rs1265091	lncipedia	lnc-PSORS1C1-2-1	51	NA	NA
NONHSAT207102.1	rs9263871	PMID24463510	ENSG00000206344	158	NA	NA
NONHSAT207105.1	rs2395029	PMID24108091	m121218_180114_00126_c100449542550000001523046302151301_s1_p0/34045/ccs.path1	125	NA	NA
NONHSAT207116.1	rs589428	PMID24463510	LocusForward_73822	19	NA	NA
NONHSAT207117.1	rs652888	PMID24463510	ENSG00000237080	48	NA	NA
NONHSAT207118.1	rs34241101	PMID24108091	m130127_011620_00126_c100456792550000001523064703201340_s1_p0/42462/ccs.path1	165	NA	NA
NONHSAT207122.1	rs3117098	PMID24463510	ENSG00000228962	56	NA	NA
NONHSAT207123.1	rs3129716	PMID23934149	TCONS_00371065	95	NA	NA
NONHSAT207134.1	rs12722013	PMID24108091	m121218_180114_00126_c100449542550000001523046302151301_s1_p0/60417/ccs.path1	260	NA	NA
NONHSAT207135.1	rs2213309	lncipedia	lnc-BRD2-2-1	12	NA	NA
NONHSAT207140.1	rs35690712	PMID24108091	m130127_125837_00126_c100456792550000001523064703201345_s2_p0/24928/ccs.path1	149	NA	NA
NONHSAT207180.1	rs2814982	PMID25116943	LCAT_00209117	129	NA	NA
NONHSAT208667.1	rs2224391	refseq	NR_104417	160	NA	NA
NONHSAT208963.1	rs886424	PMID24463510	ENSG00000214894	177	NA	NA
NONHSAT208965.1	rs3132581	lncipedia	lnc-SFTA2-3-2_dup1	133	NA	NA
NONHSAT208970.1	rs34794906	PMID24108091	m130128_074542_00126_c100457742550000001523064703201384_s1_p0/34830/ccs.path1	274	NA	NA
NONHSAT208970.1	rs1049281	PMID24108091	m130128_074542_00126_c100457742550000001523064703201384_s1_p0/34830/ccs.path1	274	NA	NA
NONHSAT208971.1	rs1049281	PMID24108091	m130127_011620_00126_c100456792550000001523064703201340_s1_p0/21464/ccs.path1	198	NA	NA
NONHSAT208971.1	rs34794906	PMID24108091	m130127_011620_00126_c100456792550000001523064703201340_s1_p0/21464/ccs.path1	198	NA	NA
NONHSAT208972.1	rs1049281	PMID24108091	m121212_180544_00126_c100418772550000001523036412191284_s2_p0/21373/ccs.path1	209	NA	NA
NONHSAT208973.1	rs1049281	PMID24108091	m121219_004319_00126_c100449542550000001523046302151303_s1_p0/34934/ccs.path1	436	NA	NA
NONHSAT208973.1	rs34794906	PMID24108091	m121219_004319_00126_c100449542550000001523046302151303_s1_p0/34934/ccs.path1	436	NA	NA
NONHSAT208974.1	rs34794906	PMID24108091	m121219_073256_00126_c100449542550000001523046302151306_s1_p0/26889/ccs.path1	293	NA	NA
NONHSAT208974.1	rs1049281	PMID24108091	m121219_073256_00126_c100449542550000001523046302151306_s1_p0/26889/ccs.path1	293	NA	NA
NONHSAT208975.1	rs2524069	PMID24108091	m121219_051625_00126_c100449542550000001523046302151305_s1_p0/53342/ccs.path1	73	NA	NA
NONHSAT208975.1	rs6919908	PMID24108091	m121219_051625_00126_c100449542550000001523046302151305_s1_p0/53342/ccs.path1	73	NA	NA
NONHSAT208977.1	rs2854001	PMID24108091	m121218_180114_00126_c100449542550000001523046302151301_s1_p0/16739/ccs.path1	234	NA	NA
NONHSAT208977.1	rs1055821	PMID24108091	m121218_180114_00126_c100449542550000001523046302151301_s1_p0/16739/ccs.path1	234	NA	NA
NONHSAT208978.1	rs1055821	PMID24108091	m121212_085615_00126_c100418772550000001523036412191280_s2_p0/42737/ccs.path2	233	NA	NA
NONHSAT208979.1	rs1055821	PMID24108091	m121218_132759_00126_c100418802550000001523036412191227_s2_p0/63280/ccs.path1	236	NA	NA
NONHSAT208980.1	rs1055821	PMID24108091	m121218_132759_00126_c100418802550000001523036412191227_s2_p0/69323/ccs.path1	402	NA	NA
NONHSAT208981.1	rs1521	PMID24108091	m130127_152334_00126_c100456792550000001523064703201346_s2_p0/5595/ccs.path1	114	NA	NA
NONHSAT208981.1	rs2596542	PMID24108091	m130127_152334_00126_c100456792550000001523064703201346_s2_p0/5595/ccs.path1	114	NA	NA
NONHSAT208982.1	rs1521	PMID24463510	Locus_146938	37	NA	NA
NONHSAT208984.1	rs3134900	lncipedia	lnc-ATP6V1G2-DDX39B-2-1_dup1	138	NA	NA
NONHSAT208986.1	rs1077393	PMID24108091	m130128_074542_00126_c100457742550000001523064703201384_s2_p0/71450/ccs.path1	98	NA	NA
NONHSAT208991.1	rs2753960	PMID24108091	m121218_111110_00126_c100418802550000001523036412191226_s1_p0/8297/ccs.path1	137	NA	NA
NONHSAT209018.1	rs10947428	lncipedia	lnc-C6orf125-1-1	493	NA	NA
NONHSAT209020.1	rs2296743	PMID24108091	m121219_030035_00126_c100449542550000001523046302151304_s2_p0/68139/ccs.path1	121	NA	NA
NONHSAT209190.1	rs36069724	PMID24108091	m130127_055628_00126_c100456792550000001523064703201342_s2_p0/41278/ccs.path1	134	NA	NA
NONHSAT209874.1	rs14314	PMID24108091	m121218_020727_00126_c100418802550000001523036412191222_s1_p0/77339/ccs.path1	147	NA	NA
NONHSAT210392.1	rs2517510	PMID25116943	LCAT_00219691	51	NA	NA
NONHSAT210414.1	rs9394152	PMID25116943	LCAT_00219735	524	NA	NA
NONHSAT210420.1	rs4713693	PMID25116943	LCAT_00219741	89	NA	NA
NONHSAT211116.1	rs1268119	PMID25116943	LCAT_00221004	73	NA	NA
NONHSAT213624.1	rs794375	PMID24108091	m130127_103756_00126_c100456792550000001523064703201344_s2_p0/3821/ccs.path1	75	NA	NA
NONHSAT215394.1	rs2929308	lncipedia	lnc-RP11-10A14.4.1-6-1_dup1	147	NA	NA
NONHSAT216763.1	rs2921057	PMID24463510	ENSG00000254153_dup1	46	NA	NA
NONHSAT216765.1	rs2921042	PMID25116943	LCAT_00240030	285	NA	NA
NONHSAT217895.1	rs2921077	PMID25116943	LCAT_00243882	34	NA	NA
NONHSAT217901.1	rs7823056	PMID25116943	LCAT_00243889	68	NA	NA
NONHSAT217902.1	rs6995407	PMID25116943	LCAT_00243890	107	NA	NA
NONHSAT217903.1	rs7826238	PMID25116943	LCAT_00243891	232	NA	NA
NONHSAT218019.1	rs576748	PMID25116943	LCAT_00244164	113	NA	NA
