chr	start	end	rsid	enh_pos	num	dis
chr1	1162434	1162435	rs3766186	chr1:  1158621-  1168820	437	0
chr1	1173610	1173611	rs6697886	chr1:  1169621-  1175820	143	0
chr1	1302752	1302753	rs78389809	chr1:  1301821-  1303820	14	0
chr1	7913028	7913029	rs34305100	chr1:  7911341-  7913540	40	0
chr1	8004439	8004440	rs34878017	chr1:  8002341-  8008340	623	0
chr1	8046671	8046672	rs12727642	chr1:  8045541-  8049140	285	0
chr1	8078308	8078309	rs400736	chr1:  8073141-  8079340	629	0
chr1	8095499	8095500	rs225132	chr1:  8088341-  8098740	1034	0
chr1	8150637	8150638	rs72634258	chr1:  8148541-  8157140	502	0
chr1	8412988	8412989	rs1064826	chr1:  8412941-  8413140	1	0
chr1	8425899	8425900	rs3753275	chr1:  8424741-  8433340	772	0
chr1	8460246	8460247	rs138050288	chr1:  8454941-  8467740	1685	0
chr1	8462078	8462079	rs55823627	chr1:  8454941-  8467740	1685	0
chr1	8467533	8467534	rs301793	chr1:  8454941-  8467740	1685	0
chr1	8482077	8482078	rs301806	chr1:  8480541-  8483940	153	0
chr1	8730778	8730779	rs6695867	chr1:  8730542-  8731341	32	0
chr1	10271687	10271688	rs11121529	chr1: 10271143- 10271742	5	0
chr1	10311876	10311877	rs17034615	chr1: 10305943- 10311942	193	0
chr1	10353111	10353112	rs10492972	chr1: 10352943- 10353942	34	0
chr1	10385470	10385471	rs17401966	chr1: 10385343- 10391143	633	0
chr1	10633244	10633245	rs6687430	chr1: 10630544- 10638743	579	0
chr1	12046062	12046063	rs2336384	chr1: 12044144- 12046343	48	0
chr1	12068940	12068941	rs6686734	chr1: 12065144- 12071543	354	0
chr1	15792425	15792426	rs2901964	chr1: 15791906- 15804305	1224	0
chr1	15832280	15832281	rs1800615	chr1: 15828306- 15832905	385	0
chr1	16075905	16075906	rs10927848	chr1: 16073306- 16079905	626	0
chr1	16188680	16188681	rs6701290	chr1: 16186506- 16192505	496	0
chr1	16271179	16271180	rs848216	chr1: 16270706- 16271305	13	0
chr1	16299311	16299312	rs10927875	chr1: 16298906- 16299905	23	0
chr1	22124819	22124820	rs6659601	chr1: 22124508- 22124907	1	0
chr1	22132517	22132518	rs35465346	chr1: 22131508- 22135907	205	0
chr1	22282618	22282619	rs7529220	chr1: 22282308- 22283107	10	0
chr1	24153230	24153231	rs6424115	chr1: 24149511- 24155710	264	0
chr1	24199363	24199364	rs2501426	chr1: 24199311- 24199910	162	0
chr1	24199868	24199869	rs3003334	chr1: 24199311- 24199910	162	0
chr1	26387422	26387423	rs2997447	chr1: 26387110- 26387509	1	0
chr1	26521139	26521140	rs11809207	chr1: 26518910- 26522109	15	0
chr1	27960831	27960832	rs3737801	chr1: 27960490- 27962489	171	0
chr1	27971091	27971092	rs2076463	chr1: 27967690- 27974689	397	0
chr1	35289038	35289039	rs7526035	chr1: 35287200- 35289199	88	0
chr1	35779987	35779988	rs12069385	chr1: 35779200- 35780399	50	0
chr1	45797504	45797505	rs3219489	chr1: 45796129- 45798728	18	0
chr1	45922976	45922977	rs72387598	chr1: 45921329- 45923328	41	0
chr1	45926494	45926495	rs2055145	chr1: 45923329- 45931328	576	0
chr1	45957608	45957609	rs11211123	chr1: 45957529- 45958128	11	0
chr1	45978674	45978675	rs4660306	chr1: 45977929- 45980328	110	0
chr1	46027354	46027355	rs512083	chr1: 46025529- 46028128	28	0
chr1	46073488	46073489	rs2230657	chr1: 46071929- 46073528	8	0
chr1	46084382	46084383	rs1053941	chr1: 46083929- 46085728	95	0
chr1	46211346	46211347	rs61784824	chr1: 46209729- 46212128	16	0
chr1	46229072	46229073	rs61784830	chr1: 46228929- 46229128	1	0
chr1	46600916	46600917	rs1707302	chr1: 46598729- 46601728	77	0
chr1	53330457	53330458	rs514406	chr1: 53328729- 53332728	82	0
chr1	76106674	76106675	rs211718	chr1: 76104916- 76111115	92	0
chr1	76135945	76135946	rs7552404	chr1: 76135716- 76139315	44	0
chr1	76137605	76137606	rs12134854	chr1: 76135716- 76139315	44	0
chr1	76255227	76255228	rs11161620	chr1: 76253716- 76261915	227	0
chr1	76275099	76275100	rs1144333	chr1: 76274516- 76275115	2	0
chr1	109891132	109891133	rs10127790	chr1:109890179-109898178	794	0
chr1	110246052	110246053	rs115929572	chr1:110245779-110246778	13	0
chr1	111732710	111732711	rs2209457	chr1:111728979-111738378	745	0
chr1	150262269	150262270	rs12740679	chr1:150256006-150263801	379	0
chr1	151768047	151768048	rs11204892	chr1:151767925-151768724	29	0
chr1	151916750	151916751	rs1490191	chr1:151916125-151917724	4	0
chr1	153769399	153769400	rs9426935	chr1:153767725-153769924	7	0
chr1	153774275	153774276	rs4434872	chr1:153772525-153774924	304	0
chr1	153797014	153797015	rs112780312	chr1:153789325-153798924	721	0
chr1	153798127	153798128	rs4391701	chr1:153789325-153798924	721	0
chr1	153848995	153848996	rs7414227	chr1:153848925-153850924	62	0
chr1	153926077	153926078	rs11264680	chr1:153925925-153930324	199	0
chr1	153927051	153927052	rs10908557	chr1:153925925-153930324	199	0
chr1	153966659	153966660	rs4845360	chr1:153965925-153966924	48	0
chr1	154831142	154831143	rs34245846	chr1:154830725-154850924	887	0
chr1	154849770	154849771	rs12069356	chr1:154830725-154850924	887	0
chr1	154862951	154862952	rs11264280	chr1:154855325-154869124	760	0
chr1	155175891	155175892	rs914615	chr1:155174325-155179724	360	0
chr1	155178781	155178782	rs760077	chr1:155174325-155179724	360	0
chr1	155181842	155181843	rs2974935	chr1:155181525-155181924	1	0
chr1	155186741	155186742	rs1057941	chr1:155183525-155193009	673	0
chr1	155197267	155197268	rs2974929	chr1:155197210-155198009	1	0
chr1	159002221	159002222	rs861318	chr1:159000411-159003010	179	0
chr1	159005648	159005649	rs1772408	chr1:159004211-159010210	635	0
chr1	159005976	159005977	rs1633266	chr1:159004211-159010210	635	0
chr1	159173886	159173887	rs3027009	chr1:159173811-159175810	21	0
chr1	160399585	160399586	rs6688100	chr1:160398411-160400010	132	0
chr1	161136842	161136843	rs2301287	chr1:161136211-161139810	131	0
chr1	161182207	161182208	rs11576415	chr1:161179211-161185210	475	0
chr1	161185057	161185058	rs2070901	chr1:161179211-161185210	475	0
chr1	161186302	161186303	rs12094497	chr1:161185211-161201810	1513	0
chr1	161187664	161187665	rs2070902	chr1:161185211-161201810	1513	0
chr1	161188892	161188893	rs3557	chr1:161185211-161201810	1513	0
chr1	161190249	161190250	rs4503368	chr1:161185211-161201810	1513	0
chr1	161200486	161200487	rs4073054	chr1:161185211-161201810	1513	0
chr1	161981024	161981025	rs6669543	chr1:161980811-161981410	8	0
chr1	162014631	162014632	rs2880058	chr1:162014011-162015410	22	0
chr1	162033889	162033890	rs12143842	chr1:162033411-162034210	30	0
chr1	162133116	162133117	rs12029454	chr1:162133011-162133210	1	0
chr1	162210609	162210610	rs4657178	chr1:162203811-162225410	806	0
chr1	162212764	162212765	rs6658646	chr1:162203811-162225410	806	0
chr1	162220117	162220118	rs6677530	chr1:162203811-162225410	806	0
chr1	162224585	162224586	rs12742393	chr1:162203811-162225410	806	0
chr1	165616587	165616588	rs6686643	chr1:165616164-165617563	19	0
chr1	171644585	171644586	rs236907	chr1:171643261-171647260	322	0
chr1	171652977	171652978	rs11799420	chr1:171651861-171656860	513	0
chr1	173347836	173347837	rs4916342	chr1:173347462-173348061	11	0
chr1	173429994	173429995	rs12140760	chr1:173429262-173432061	519	0
chr1	173508784	173508785	rs301696	chr1:173506262-173509061	267	0
chr1	173853126	173853127	rs9425766	chr1:173852663-173853862	68	0
chr1	174791812	174791813	rs1793291	chr1:174791663-174792862	15	0
chr1	182965666	182965667	rs10911184	chr1:182965266-182966265	7	0
chr1	182973490	182973491	rs10752881	chr1:182972866-182975265	47	0
chr1	183004333	183004334	rs4129858	chr1:183000066-183004865	106	0
chr1	186875458	186875459	rs10798069	chr1:186875069-186875668	1	0
chr1	201884951	201884952	rs2819348	chr1:201880673-201888272	779	0
chr1	205636333	205636334	rs4951018	chr1:205635473-205637472	81	0
chr1	205676262	205676263	rs12748961	chr1:205663073-205679472	1540	0
chr1	205689806	205689807	rs823094	chr1:205687273-205697872	252	0
chr1	205691315	205691316	rs4951258	chr1:205687273-205697872	252	0
chr1	205696614	205696615	rs1775154	chr1:205687273-205697872	252	0
chr1	205713377	205713378	rs823128	chr1:205712673-205715272	142	0
chr1	205757823	205757824	rs1775148	chr1:205757473-205757872	1	0
chr1	206643771	206643772	rs2297550	chr1:206643456-206644855	6	0
chr1	206655330	206655331	rs41298997	chr1:206652056-206656055	174	0
chr1	220136959	220136960	rs72743160	chr1:220136659-220138258	9	0
chr1	220914919	220914920	rs337161	chr1:220913659-220916258	52	0
chr1	220929355	220929356	rs1494373	chr1:220925259-220929658	87	0
chr1	223872050	223872051	rs12137025	chr1:223869899-223872898	89	0
chr1	226542048	226542049	rs6426551	chr1:226540900-226543499	164	0
chr1	226551528	226551529	rs752307	chr1:226550500-226552899	51	0
chr1	226564690	226564691	rs3219090	chr1:226563100-226570899	253	0
chr1	227059605	227059606	rs1296171	chr1:227057900-227059699	79	0
chr1	227097038	227097039	rs1938386	chr1:227096500-227097299	7	0
chr1	227140702	227140703	rs16846735	chr1:227138500-227141099	47	0
chr1	227170297	227170298	rs2297412	chr1:227170100-227172299	14	0
chr1	227173891	227173892	rs17592479	chr1:227173300-227175699	44	0
chr1	227175366	227175367	rs6426558	chr1:227173300-227175699	44	0
chr1	228153916	228153917	rs849898	chr1:228153900-228154099	2	0
chr1	228191074	228191075	rs2760061	chr1:228190900-228191499	2	0
chr1	229718000	229718001	rs12049351	chr1:229715254-229718053	67	0
chr1	231844346	231844347	rs12044355	chr1:231843455-231846254	159	0
chr1	231926066	231926067	rs4332347	chr1:231912455-231928054	764	0
chr10	12242325	12242326	rs12248718	chr10: 12240602- 12245401	149	0
chr10	12253596	12253597	rs12221133	chr10: 12252602- 12253801	3	0
chr10	12277991	12277992	rs7068966	chr10: 12277802- 12278001	3	0
chr10	45553728	45553729	rs12358699	chr10: 45552553- 45553952	21	0
chr10	51538168	51538169	rs10763567	chr10: 51537641- 51538240	11	0
chr10	59972298	59972299	rs2153283	chr10: 59970643- 59972842	52	0
chr10	60082667	60082668	rs16912145	chr10: 60082443- 60084042	61	0
chr10	60164819	60164820	rs10826182	chr10: 60163243- 60164842	19	0
chr10	60571434	60571435	rs4948317	chr10: 60570243- 60577242	394	0
chr10	60930295	60930296	rs12415920	chr10: 60929843- 60932842	34	0
chr10	64516305	64516306	rs10761660	chr10: 64515444- 64516843	12	0
chr10	69630906	69630907	rs7100912	chr10: 69630845- 69632044	56	0
chr10	70019370	70019371	rs12571093	chr10: 70019245- 70020244	11	0
chr10	70324447	70324448	rs10998279	chr10: 70319845- 70326644	421	0
chr10	70602855	70602856	rs10998457	chr10: 70599845- 70604644	151	0
chr10	70931473	70931474	rs1802295	chr10: 70930244- 70931843	39	0
chr10	70939800	70939801	rs10998624	chr10: 70939444- 70939843	2	0
chr10	70982940	70982941	rs4746822	chr10: 70981244- 70988443	252	0
chr10	71099912	71099913	rs7072268	chr10: 71099844- 71100243	1	0
chr10	73992039	73992040	rs7913447	chr10: 73989443- 73995642	310	0
chr10	79061457	79061458	rs7895108	chr10: 79054044- 79066843	751	0
chr10	79063541	79063542	rs10824518	chr10: 79054044- 79066843	751	0
chr10	82194263	82194264	rs10887868	chr10: 82193445- 82194644	7	0
chr10	82214585	82214586	rs7098414	chr10: 82213845- 82214644	19	0
chr10	82250830	82250831	rs7097656	chr10: 82250645- 82252044	36	0
chr10	82251513	82251514	rs17680741	chr10: 82250645- 82252044	36	0
chr10	82251768	82251769	rs7910643	chr10: 82250645- 82252044	36	0
chr10	82287526	82287527	rs12261331	chr10: 82287445- 82288244	3	0
chr10	88879695	88879696	rs4934298	chr10: 88879644- 88879843	5	0
chr10	88919318	88919319	rs7903456	chr10: 88915444- 88922443	144	0
chr10	89299708	89299709	rs11202439	chr10: 89299644- 89306043	441	0
chr10	89477108	89477109	rs7896505	chr10: 89473444- 89483443	873	0
chr10	89481870	89481871	rs10887745	chr10: 89473444- 89483443	873	0
chr10	97600918	97600919	rs11188501	chr10: 97594844- 97602443	423	0
chr10	97690618	97690619	rs7913576	chr10: 97688044- 97691243	473	0
chr10	102672247	102672248	rs62621207	chr10:102667444-102679843	2089	0
chr10	102764046	102764047	rs807029	chr10:102763644-102765443	33	0
chr10	104034086	104034087	rs2485371	chr10:104031643-104036442	149	0
chr10	104050005	104050006	rs2485376	chr10:104048843-104056042	346	0
chr10	104081348	104081349	rs72845663	chr10:104080843-104082442	22	0
chr10	104127170	104127171	rs2273555	chr10:104126843-104128842	60	0
chr10	104225831	104225832	rs10883723	chr10:104224843-104226242	6	0
chr10	104300637	104300638	rs9665626	chr10:104297043-104310642	1495	0
chr10	104471974	104471975	rs4919669	chr10:104471243-104474042	33	0
chr10	104487870	104487871	rs2265309	chr10:104487443-104488842	50	0
chr10	104660003	104660004	rs11191454	chr10:104659643-104660642	22	0
chr10	104775907	104775908	rs7914558	chr10:104774843-104776242	5	0
chr10	113933885	113933886	rs2255141	chr10:113933842-113934441	4	0
chr10	114025181	114025182	rs57594838	chr10:114020842-114028441	589	0
chr10	116753547	116753548	rs12761122	chr10:116752290-116754289	96	0
chr10	120822905	120822906	rs76473913	chr10:120822889-120823688	8	0
chr10	124677898	124677899	rs6599636	chr10:124665432-124679431	309	0
chr10	124692585	124692586	rs4980169	chr10:124690632-124694831	126	0
chr10	124693586	124693587	rs7904973	chr10:124690632-124694831	126	0
chr10	124729875	124729876	rs7069346	chr10:124727432-124730431	68	0
chr11	1892929	1892930	rs562434	chr11:  1887971-  1894170	149	0
chr11	1920254	1920255	rs7483477	chr11:  1915771-  1934970	945	0
chr11	1985126	1985127	rs10769945	chr11:  1975971-  1996570	1365	0
chr11	1995222	1995223	rs217719	chr11:  1975971-  1996570	1365	0
chr11	2001894	2001895	rs10840138	chr11:  2001771-  2003370	83	0
chr11	2010967	2010968	rs12575654	chr11:  2008571-  2017570	201	0
chr11	2016907	2016908	rs217727	chr11:  2008571-  2017570	201	0
chr11	2024543	2024544	rs4930103	chr11:  2023971-  2040570	305	0
chr11	6750056	6750057	rs12799172	chr11:  6744570-  6750169	174	0
chr11	17004089	17004090	rs7127818	chr11: 17003454- 17006253	20	0
chr11	17008604	17008605	rs11024102	chr11: 17008054- 17008853	9	0
chr11	17011175	17011176	rs4141194	chr11: 17010854- 17013053	69	0
chr11	17291209	17291210	rs214099	chr11: 17289854- 17294053	43	0
chr11	17404838	17404839	rs10734252	chr11: 17403854- 17405053	26	0
chr11	17415189	17415190	rs4148646	chr11: 17410454- 17420253	120	0
chr11	17418476	17418477	rs757110	chr11: 17410454- 17420253	120	0
chr11	17427900	17427901	rs2077654	chr11: 17426454- 17428653	16	0
chr11	17436192	17436193	rs1800851	chr11: 17433854- 17436453	40	0
chr11	20370205	20370206	rs11025521	chr11: 20364855- 20370454	523	0
chr11	20443874	20443875	rs11025559	chr11: 20443655- 20444854	9	0
chr11	31424822	31424823	rs6484504	chr11: 31424454- 31425853	27	0
chr11	31663881	31663882	rs11031436	chr11: 31662253- 31665452	40	0
chr11	36501786	36501787	rs331463	chr11: 36501451- 36502450	16	0
chr11	45873090	45873091	rs11605924	chr11: 45872450- 45873649	57	0
chr11	47246396	47246397	rs7395581	chr11: 47246250- 47246849	7	0
chr11	47334523	47334524	rs10838689	chr11: 47329450- 47339849	114	0
chr11	47345099	47345100	rs10838692	chr11: 47340450- 47347249	24	0
chr11	47378395	47378396	rs10769256	chr11: 47373650- 47379249	210	0
chr11	47380339	47380340	rs3740688	chr11: 47380250- 47380649	1	0
chr11	47380592	47380593	rs3740689	chr11: 47380250- 47380649	1	0
chr11	47393637	47393638	rs4992357	chr11: 47387250- 47396249	909	0
chr11	47434985	47434986	rs2293576	chr11: 47433250- 47435249	65	0
chr11	47441512	47441513	rs10838708	chr11: 47441250- 47441648	3	0
chr11	47449071	47449072	rs12292911	chr11: 47449049- 47450248	49	0
chr11	47462139	47462140	rs7104036	chr11: 47462049- 47462448	5	0
chr11	47587451	47587452	rs11537751	chr11: 47585649- 47593048	406	0
chr11	47606482	47606483	rs11605348	chr11: 47606049- 47608648	240	0
chr11	47769563	47769564	rs34923397	chr11: 47769049- 47769848	8	0
chr11	47871367	47871368	rs113945456	chr11: 47871249- 47871848	3	0
chr11	47907640	47907641	rs4752801	chr11: 47905249- 47925448	1669	0
chr11	47932665	47932666	rs12802244	chr11: 47930849- 47932848	54	0
chr11	47940924	47940925	rs747782	chr11: 47940249- 47941048	3	0
chr11	47955607	47955608	rs7944735	chr11: 47955249- 47955848	33	0
chr11	48013483	48013484	rs7123436	chr11: 48013249- 48013648	2	0
chr11	48018354	48018355	rs4752805	chr11: 48017849- 48020848	120	0
chr11	48091302	48091303	rs10838798	chr11: 48090049- 48091848	17	0
chr11	48098279	48098280	rs10838801	chr11: 48098249- 48098448	1	0
chr11	48148449	48148450	rs12574500	chr11: 48148249- 48148648	3	0
chr11	58060191	58060192	rs12289961	chr11: 58057329- 58062928	549	0
chr11	60275900	60275901	rs1941023	chr11: 60274528- 60276527	26	0
chr11	61543498	61543499	rs174528	chr11: 61537329- 61545728	399	0
chr11	61543960	61543961	rs174529	chr11: 61537329- 61545728	399	0
chr11	61549024	61549025	rs174533	chr11: 61548929- 61552928	113	0
chr11	61549457	61549458	rs174534	chr11: 61548929- 61552928	113	0
chr11	61551355	61551356	rs174535	chr11: 61548929- 61552928	113	0
chr11	61551926	61551927	rs174536	chr11: 61548929- 61552928	113	0
chr11	61552679	61552680	rs174537	chr11: 61548929- 61552928	113	0
chr11	61567752	61567753	rs174544	chr11: 61567329- 61568128	51	0
chr11	61569829	61569830	rs174546	chr11: 61569529- 61569928	1	0
chr11	61571347	61571348	rs174548	chr11: 61571329- 61578928	195	0
chr11	61571381	61571382	rs174549	chr11: 61571329- 61578928	195	0
chr11	61571477	61571478	rs174550	chr11: 61571329- 61578928	195	0
chr11	61581763	61581764	rs174560	chr11: 61581729- 61581928	7	0
chr11	61585143	61585144	rs174562	chr11: 61584529- 61585528	18	0
chr11	61586327	61586328	rs35473591	chr11: 61586129- 61586328	1	0
chr11	61588304	61588305	rs174564	chr11: 61587329- 61589128	31	0
chr11	61592361	61592362	rs174566	chr11: 61591929- 61592528	7	0
chr11	61594919	61594920	rs3834458	chr11: 61594129- 61597328	204	0
chr11	61595563	61595564	rs968567	chr11: 61594129- 61597328	204	0
chr11	61596321	61596322	rs5792235	chr11: 61594129- 61597328	204	0
chr11	61596632	61596633	rs99780	chr11: 61594129- 61597328	204	0
chr11	61597211	61597212	rs174570	chr11: 61594129- 61597328	204	0
chr11	61597971	61597972	rs1535	chr11: 61597729- 61604128	609	0
chr11	61600341	61600342	rs174574	chr11: 61597729- 61604128	609	0
chr11	61601907	61601908	rs2845573	chr11: 61597729- 61604128	609	0
chr11	61602002	61602003	rs174575	chr11: 61597729- 61604128	609	0
chr11	61603236	61603237	rs2727270	chr11: 61597729- 61604128	609	0
chr11	61603357	61603358	rs2727271	chr11: 61597729- 61604128	609	0
chr11	61603509	61603510	rs174576	chr11: 61597729- 61604128	609	0
chr11	61609749	61609750	rs174583	chr11: 61608129- 61611928	147	0
chr11	61616011	61616012	rs2851682	chr11: 61613329- 61616128	46	0
chr11	61618168	61618169	rs61897795	chr11: 61616129- 61619728	121	0
chr11	61618607	61618608	rs174592	chr11: 61616129- 61619728	121	0
chr11	61623792	61623793	rs2526678	chr11: 61623729- 61623928	1	0
chr11	61639572	61639573	rs174448	chr11: 61639529- 61640528	29	0
chr11	61640378	61640379	rs174449	chr11: 61639529- 61640528	29	0
chr11	61655304	61655305	rs1000778	chr11: 61650929- 61656328	226	0
chr11	62310908	62310909	rs2509961	chr11: 62309329- 62310928	3	0
chr11	62328550	62328551	rs7943191	chr11: 62328329- 62329328	17	0
chr11	62334907	62334908	rs1061093	chr11: 62332929- 62335128	25	0
chr11	62394880	62394881	rs7949030	chr11: 62391929- 62403728	1313	0
chr11	62406161	62406162	rs2956993	chr11: 62403729- 62406928	36	0
chr11	62438818	62438819	rs693698	chr11: 62437929- 62441128	326	0
chr11	62443085	62443086	rs12364753	chr11: 62441929- 62447528	517	0
chr11	63979642	63979643	rs12575642	chr11: 63979529- 63979728	1	0
chr11	63999239	63999240	rs3741404	chr11: 63998329- 64004928	455	0
chr11	64004722	64004723	rs56271783	chr11: 63998329- 64004928	455	0
chr11	64024055	64024056	rs588177	chr11: 64021129- 64030728	420	0
chr11	64046640	64046641	rs11231740	chr11: 64036929- 64060328	730	0
chr11	64048911	64048912	rs477895	chr11: 64036929- 64060328	730	0
chr11	64546390	64546391	rs606458	chr11: 64544529- 64546728	57	0
chr11	66328094	66328095	rs1815739	chr11: 66321530- 66330929	1173	0
chr11	66328876	66328877	rs607736	chr11: 66321530- 66330929	1173	0
chr11	66335307	66335308	rs2242663	chr11: 66334930- 66335729	7	0
chr11	66337873	66337874	rs1791679	chr11: 66335930- 66339729	189	0
chr11	66551001	66551002	rs10896135	chr11: 66549930- 66551329	2	0
chr11	66951964	66951965	rs12785905	chr11: 66949530- 66954529	394	0
chr11	68099621	68099622	rs61887821	chr11: 68099534- 68099933	11	0
chr11	72373495	72373496	rs3781913	chr11: 72372157- 72373756	25	0
chr11	72432984	72432985	rs11603334	chr11: 72430757- 72433556	102	0
chr11	72433097	72433098	rs1552224	chr11: 72430757- 72433556	102	0
chr11	72435995	72435996	rs59311588	chr11: 72435157- 72437956	27	0
chr11	72473261	72473262	rs1277060	chr11: 72470557- 72474356	148	0
chr11	75474194	75474195	rs72997616	chr11: 75460956- 75477955	1191	0
chr11	77823227	77823228	rs570456	chr11: 77821955- 77823354	92	0
chr11	83256867	83256868	rs2116483	chr11: 83255359- 83258758	110	0
chr11	83455706	83455707	rs3885683	chr11: 83455158- 83457157	44	0
chr11	86414281	86414282	rs2512987	chr11: 86414159- 86414358	1	0
chr11	100874318	100874319	rs523332	chr11:100872670-100879469	441	0
chr11	108131645	108131646	rs594153	chr11:108130874-108132073	24	0
chr11	108279200	108279201	rs4237579	chr11:108278874-108280873	12	0
chr11	111411607	111411608	rs11213935	chr11:111407676-111413275	32	0
chr11	111586949	111586950	rs17565975	chr11:111585276-111587275	59	0
chr11	111636626	111636627	rs643506	chr11:111629677-111637876	856	0
chr11	112023826	112023827	rs1834481	chr11:112023077-112024476	146	0
chr11	112211379	112211380	rs4937291	chr11:112211078-112213877	52	0
chr11	118314848	118314849	rs2017122	chr11:118312886-118323285	765	0
chr11	118611780	118611781	rs10892279	chr11:118611486-118620685	784	0
chr11	118677085	118677086	rs11217037	chr11:118676891-118678891	15	0
chr11	118698536	118698537	rs638893	chr11:118690292-118707291	1234	0
chr11	118741841	118741842	rs4938573	chr11:118741692-118742891	14	0
chr11	118943432	118943433	rs1185460	chr11:118943292-118943691	11	0
chr12	6621250	6621251	rs10849478	chr12:  6617635-  6621634	244	0
chr12	6982161	6982162	rs11064437	chr12:  6980439-  6982639	3	0
chr12	13075201	13075202	rs2111398	chr12: 13073667- 13075666	38	0
chr12	30975468	30975469	rs7134911	chr12: 30975466- 30983065	216	0
chr12	40341084	40341085	rs1005956	chr12: 40340799- 40341398	5	0
chr12	40614433	40614434	rs76904798	chr12: 40614399- 40614998	1	0
chr12	40792299	40792300	rs11564258	chr12: 40790999- 40795198	93	0
chr12	49260690	49260691	rs10875882	chr12: 49259218- 49262417	222	0
chr12	49389319	49389320	rs1054442	chr12: 49388818- 49389417	4	0
chr12	50537814	50537815	rs7302981	chr12: 50537218- 50538017	15	0
chr12	51315030	51315031	rs12305097	chr12: 51314617- 51315616	8	0
chr12	53752691	53752692	rs11170516	chr12: 53752617- 53753016	3	0
chr12	53757830	53757831	rs12582170	chr12: 53754017- 53758016	126	0
chr12	53778649	53778650	rs2446066	chr12: 53778017- 53778816	1	0
chr12	54030237	54030238	rs11170624	chr12: 54030217- 54030816	3	0
chr12	54041191	54041192	rs11170631	chr12: 54040417- 54041416	4	0
chr12	54058237	54058238	rs1971762	chr12: 54057817- 54060616	3	0
chr12	56363665	56363666	rs3213122	chr12: 56363417- 56364616	4	0
chr12	56364320	56364321	rs2069408	chr12: 56363417- 56364616	4	0
chr12	56412486	56412487	rs1701704	chr12: 56411817- 56413616	38	0
chr12	56467586	56467587	rs7312770	chr12: 56467417- 56468016	51	0
chr12	56480582	56480583	rs877636	chr12: 56479817- 56480616	6	0
chr12	56518407	56518408	rs11171747	chr12: 56517817- 56521416	491	0
chr12	56750203	56750204	rs2066819	chr12: 56748817- 56750616	45	0
chr12	58234261	58234262	rs10783853	chr12: 58234018- 58234417	1	0
chr12	58302435	58302436	rs4237845	chr12: 58302418- 58303017	10	0
chr12	58412977	58412978	rs7139165	chr12: 58412218- 58417217	397	0
chr12	95554770	95554771	rs113745635	chr12: 95549425- 95555224	199	0
chr12	109832544	109832545	rs7300290	chr12:109830596-109832995	36	0
chr12	109840939	109840940	rs9943753	chr12:109836796-109841595	278	0
chr12	109848902	109848903	rs6606710	chr12:109845796-109849995	138	0
chr12	109883116	109883117	rs3742021	chr12:109882996-109884995	38	0
chr12	109883253	109883254	rs3742020	chr12:109882996-109884995	38	0
chr12	109884366	109884367	rs7959663	chr12:109882996-109884995	38	0
chr12	109950143	109950144	rs2241210	chr12:109944396-109953195	562	0
chr12	109962794	109962795	rs2241208	chr12:109961396-109962995	8	0
chr12	110002776	110002777	rs10850379	chr12:110001396-110002795	29	0
chr12	111773344	111773345	rs6490061	chr12:111770397-111780196	846	0
chr12	111835989	111835990	rs4375492	chr12:111834797-111836196	104	0
chr12	111976775	111976776	rs648997	chr12:111976597-111977396	6	0
chr12	112003694	112003695	rs615134	chr12:111991597-112010196	747	0
chr12	112007755	112007756	rs653178	chr12:111991597-112010196	747	0
chr12	112118575	112118576	rs847895	chr12:112117597-112119596	23	0
chr12	112190437	112190438	rs6490294	chr12:112190397-112191196	3	0
chr12	112667674	112667675	rs1005902	chr12:112664796-112667795	28	0
chr12	112840765	112840766	rs11066283	chr12:112836796-112844195	352	0
chr12	112842274	112842275	rs11066284	chr12:112836796-112844195	352	0
chr12	112871371	112871372	rs11066301	chr12:112869796-112871395	28	0
chr12	112906414	112906415	rs11066320	chr12:112900396-112907395	527	0
chr12	113007601	113007602	rs7974266	chr12:113006596-113007995	38	0
chr12	113361573	113361574	rs11066452	chr12:113360596-113362595	58	0
chr12	113381375	113381376	rs6489882	chr12:113380996-113381795	14	0
chr12	113847541	113847542	rs1559997	chr12:113847396-113848795	2	0
chr12	120670965	120670966	rs12581983	chr12:120667998-120670997	316	0
chr12	120813920	120813921	rs3898618	chr12:120813798-120814197	2	0
chr12	120862715	120862716	rs10774547	chr12:120862398-120862997	7	0
chr12	120925794	120925795	rs616157	chr12:120924998-120926597	96	0
chr12	120974509	120974510	rs614226	chr12:120971198-120974597	126	0
chr12	121000132	121000133	rs585510	chr12:120998798-121001197	57	0
chr12	121095171	121095172	rs2686555	chr12:121093198-121095797	133	0
chr12	121140318	121140319	rs2393778	chr12:121138598-121140397	17	0
chr12	121154220	121154221	rs34734847	chr12:121152798-121156597	48	0
chr12	121175523	121175524	rs2014355	chr12:121172398-121177397	140	0
chr12	121176082	121176083	rs1799958	chr12:121172398-121177397	140	0
chr12	121177271	121177272	rs3916	chr12:121172398-121177397	140	0
chr12	121180018	121180019	rs34708625	chr12:121179798-121180197	2	0
chr12	121209192	121209193	rs551087	chr12:121208998-121209797	113	0
chr12	121300987	121300988	rs660549	chr12:121299998-121301597	29	0
chr12	121388961	121388962	rs2650000	chr12:121387798-121389197	79	0
chr12	121438843	121438844	rs735396	chr12:121438398-121439397	4	0
chr12	121439432	121439433	rs1169310	chr12:121439398-121439597	3	0
chr12	121450164	121450165	rs2264750	chr12:121449998-121453397	223	0
chr12	122645047	122645048	rs4319543	chr12:122643054-122645253	82	0
chr12	122963549	122963550	rs12369179	chr12:122961454-122965853	447	0
chr12	123024475	123024476	rs147730268	chr12:123024454-123025453	106	0
chr12	123447927	123447928	rs4275659	chr12:123441654-123450253	811	0
chr12	123482423	123482424	rs61955214	chr12:123474054-123482853	408	0
chr12	123491571	123491572	rs940904	chr12:123491454-123495253	104	0
chr12	123493122	123493123	rs12820906	chr12:123491454-123495253	104	0
chr12	123614812	123614813	rs2510885	chr12:123614254-123615053	8	0
chr12	123667949	123667950	rs1790105	chr12:123667854-123668453	8	0
chr12	123672517	123672518	rs1790086	chr12:123671854-123673253	126	0
chr12	123746960	123746961	rs10773002	chr12:123745454-123747053	22	0
chr12	123757860	123757861	rs1109559	chr12:123757054-123758453	32	0
chr12	123758234	123758235	rs7953929	chr12:123757054-123758453	32	0
chr12	123767928	123767929	rs7306755	chr12:123767254-123768853	49	0
chr13	23903790	23903791	rs4770433	chr13: 23903662- 23903861	1	0
chr13	28027713	28027714	rs9581857	chr13: 28027664- 28028063	1	0
chr13	28047268	28047269	rs1006353	chr13: 28047064- 28051263	191	0
chr13	28058403	28058404	rs7336332	chr13: 28054264- 28059863	84	0
chr13	41347516	41347517	rs9315786	chr13: 41346665- 41347864	8	0
chr13	41493916	41493917	rs34213683	chr13: 41486865- 41504064	841	0
chr13	41501549	41501550	rs9532669	chr13: 41486865- 41504064	841	0
chr13	43555802	43555803	rs11618401	chr13: 43554665- 43556064	8	0
chr13	43559767	43559768	rs12855887	chr13: 43556865- 43560064	83	0
chr13	46057285	46057286	rs12583793	chr13: 46054266- 46061465	150	0
chr14	24609146	24609147	rs8010715	chr14: 24605595- 24610994	146	0
chr14	24810897	24810898	rs3212240	chr14: 24808395- 24821594	578	0
chr14	24954001	24954002	rs2877649	chr14: 24952395- 24961394	538	0
chr14	35420371	35420372	rs8004237	chr14: 35419395- 35422994	158	0
chr14	35559125	35559126	rs2038255	chr14: 35557795- 35559194	69	0
chr14	55384339	55384340	rs1107960	chr14: 55382283- 55387282	168	0
chr14	55904425	55904426	rs713477	chr14: 55903683- 55904882	18	0
chr14	64674980	64674981	rs1152595	chr14: 64671683- 64676882	321	0
chr14	64679959	64679960	rs2738413	chr14: 64679483- 64686482	705	0
chr14	64680847	64680848	rs1152591	chr14: 64679483- 64686482	705	0
chr14	64686206	64686207	rs915057	chr14: 64679483- 64686482	705	0
chr14	64703592	64703593	rs1256061	chr14: 64692283- 64703882	843	0
chr14	64750232	64750233	rs6573552	chr14: 64747683- 64750282	7	0
chr14	75125539	75125540	rs7152906	chr14: 75123498- 75125697	212	0
chr14	75151046	75151047	rs9671386	chr14: 75150898- 75151497	12	0
chr14	75228646	75228647	rs7146395	chr14: 75226498- 75244897	1554	0
chr14	75234100	75234101	rs2193596	chr14: 75226498- 75244897	1554	0
chr14	75237769	75237770	rs10144845	chr14: 75226498- 75244897	1554	0
chr14	75296830	75296831	rs10148293	chr14: 75296298- 75303897	904	0
chr14	75297726	75297727	rs973879	chr14: 75296298- 75303897	904	0
chr14	75298636	75298637	rs7144654	chr14: 75296298- 75303897	904	0
chr14	75322793	75322794	rs8014204	chr14: 75322698- 75323297	15	0
chr14	75334198	75334199	rs4553560	chr14: 75331098- 75337097	396	0
chr14	75342953	75342954	rs61978932	chr14: 75337898- 75344897	581	0
chr14	75343876	75343877	rs4903265	chr14: 75337898- 75344897	581	0
chr14	75363640	75363641	rs17093914	chr14: 75361298- 75364297	126	0
chr14	75368507	75368508	rs2853779	chr14: 75368298- 75369297	2	0
chr14	75402013	75402014	rs10148864	chr14: 75399098- 75402497	563	0
chr14	75446878	75446879	rs10131894	chr14: 75445698- 75447297	27	0
chr14	75602833	75602834	rs876403	chr14: 75602058- 75603857	52	0
chr14	92422213	92422214	rs10142836	chr14: 92421657- 92422456	17	0
chr14	92427221	92427222	rs7153027	chr14: 92425057- 92427656	160	0
chr14	92427347	92427348	rs7154721	chr14: 92425057- 92427656	160	0
chr14	92459957	92459958	rs8007661	chr14: 92458257- 92462456	418	0
chr14	96027152	96027153	rs8005962	chr14: 96026264- 96028263	108	0
chr14	96107954	96107955	rs7148498	chr14: 96100064- 96108063	532	0
chr14	103280656	103280657	rs12432676	chr14:103280064-103282263	42	0
chr14	103859961	103859962	rs8014182	chr14:103859664-103860663	40	0
chr14	103883632	103883633	rs11623869	chr14:103878464-103883663	512	0
chr14	103894222	103894223	rs62007684	chr14:103893864-103896463	78	0
chr14	103899343	103899344	rs62007686	chr14:103896464-103899663	135	0
chr14	104091114	104091115	rs4906349	chr14:104091064-104092463	7	0
chr14	104093520	104093521	rs729437	chr14:104093264-104095263	134	0
chr14	104149474	104149475	rs709400	chr14:104145864-104152063	436	0
chr14	104290673	104290674	rs67478160	chr14:104289064-104297863	187	0
chr14	104290812	104290813	rs12893623	chr14:104289064-104297863	187	0
chr14	104357181	104357182	rs1885073	chr14:104353864-104357263	92	0
chr14	104537679	104537680	rs112973353	chr14:104536864-104538263	35	0
chr14	104620192	104620193	rs34161718	chr14:104617664-104620263	18	0
chr15	29888395	29888396	rs1471225	chr15: 29887398- 29891797	387	0
chr15	40782619	40782620	rs2444303	chr15: 40782603- 40783202	4	0
chr15	40922914	40922915	rs4924487	chr15: 40922003- 40924202	65	0
chr15	41306492	41306493	rs2925343	chr15: 41300803- 41307202	77	0
chr15	41401549	41401550	rs2928148	chr15: 41401403- 41401602	1	0
chr15	41563949	41563950	rs28374715	chr15: 41560203- 41569202	593	0
chr15	41787971	41787972	rs1655557	chr15: 41787803- 41788402	5	0
chr15	41798613	41798614	rs316619	chr15: 41798603- 41799802	16	0
chr15	41806657	41806658	rs3759794	chr15: 41801403- 41807602	265	0
chr15	41829229	41829230	rs721772	chr15: 41828603- 41834802	319	0
chr15	43995788	43995789	rs2470135	chr15: 43995603- 43998402	14	0
chr15	45641224	45641225	rs2453533	chr15: 45636203- 45643202	492	0
chr15	45646282	45646283	rs61524473	chr15: 45644603- 45647202	97	0
chr15	62338796	62338797	rs1436958	chr15: 62337802- 62339001	6	0
chr15	62347884	62347885	rs17271340	chr15: 62347402- 62349601	64	0
chr15	62414013	62414014	rs1436953	chr15: 62411802- 62418601	276	0
chr15	63333723	63333724	rs3809566	chr15: 63329602- 63334201	158	0
chr15	63341995	63341996	rs11071720	chr15: 63338002- 63345601	189	0
chr15	63395427	63395428	rs55703462	chr15: 63395202- 63397001	65	0
chr15	63396866	63396867	rs2652834	chr15: 63395202- 63397001	65	0
chr15	63540571	63540572	rs1986112	chr15: 63536202- 63540801	113	0
chr15	63553993	63553994	rs1017545	chr15: 63551002- 63555001	300	0
chr15	64648185	64648186	rs35755513	chr15: 64647802- 64648401	6	0
chr15	66663260	66663261	rs60180747	chr15: 66660663- 66663262	161	0
chr15	66728950	66728951	rs11637556	chr15: 66728663- 66731062	194	0
chr15	66821249	66821250	rs11071896	chr15: 66818463- 66822862	130	0
chr15	72169465	72169466	rs12050794	chr15: 72166260- 72172459	277	0
chr15	74328115	74328116	rs743580	chr15: 74324460- 74331059	171	0
chr15	77104855	77104856	rs3099143	chr15: 77103659- 77106058	78	0
chr15	78381659	78381660	rs4473152	chr15: 78381459- 78382058	13	0
chr15	78718898	78718899	rs2869045	chr15: 78718859- 78719258	1	0
chr15	78738369	78738370	rs2568490	chr15: 78738059- 78738658	9	0
chr15	78739470	78739471	rs2915695	chr15: 78739059- 78740658	65	0
chr15	78739762	78739763	rs2089162	chr15: 78739059- 78740658	65	0
chr15	78740232	78740233	rs2568493	chr15: 78739059- 78740658	65	0
chr15	78741383	78741384	rs2656074	chr15: 78741259- 78741858	2	0
chr15	78741617	78741618	rs7181486	chr15: 78741259- 78741858	2	0
chr15	78750548	78750549	rs2656065	chr15: 78750059- 78763058	1284	0
chr15	78751960	78751961	rs11637656	chr15: 78750059- 78763058	1284	0
chr15	78752113	78752114	rs2568485	chr15: 78750059- 78763058	1284	0
chr15	78752187	78752188	rs72738732	chr15: 78750059- 78763058	1284	0
chr15	78752342	78752343	rs2568483	chr15: 78750059- 78763058	1284	0
chr15	78753999	78754000	rs1964678	chr15: 78750059- 78763058	1284	0
chr15	78754101	78754102	rs2009746	chr15: 78750059- 78763058	1284	0
chr15	78757912	78757913	rs2938674	chr15: 78750059- 78763058	1284	0
chr15	78760917	78760918	rs4887057	chr15: 78750059- 78763058	1284	0
chr15	78761413	78761414	rs17484235	chr15: 78750059- 78763058	1284	0
chr15	78762312	78762313	rs28480606	chr15: 78750059- 78763058	1284	0
chr15	78765121	78765122	rs72738736	chr15: 78763859- 78766258	56	0
chr15	78765289	78765290	rs12593229	chr15: 78763859- 78766258	56	0
chr15	78766193	78766194	rs4299116	chr15: 78763859- 78766258	56	0
chr15	78766249	78766250	rs1504550	chr15: 78763859- 78766258	56	0
chr15	78767849	78767850	rs12910910	chr15: 78767459- 78768658	26	0
chr15	78768166	78768167	rs28602670	chr15: 78767459- 78768658	26	0
chr15	78778971	78778972	rs12903295	chr15: 78776459- 78782658	206	0
chr15	78779383	78779384	rs12904234	chr15: 78776459- 78782658	206	0
chr15	78779800	78779801	rs12101809	chr15: 78776459- 78782658	206	0
chr15	78781686	78781687	rs2036533	chr15: 78776459- 78782658	206	0
chr15	78782094	78782095	rs4887059	chr15: 78776459- 78782658	206	0
chr15	78798938	78798939	rs57338032	chr15: 78798859- 78799058	6	0
chr15	78806022	78806023	rs8034191	chr15: 78803459- 78806858	121	0
chr15	78812328	78812329	rs12441426	chr15: 78812059- 78812458	67	0
chr15	78822659	78822660	rs7169584	chr15: 78822659- 78822858	3	0
chr15	78826179	78826180	rs931794	chr15: 78825259- 78826458	104	0
chr15	78829090	78829091	rs12439240	chr15: 78828859- 78829458	22	0
chr15	78831667	78831668	rs34138960	chr15: 78831659- 78831858	1	0
chr15	78831825	78831826	rs35212593	chr15: 78831659- 78831858	1	0
chr15	78832831	78832832	rs3813570	chr15: 78832459- 78833058	3	0
chr15	78833035	78833036	rs57064725	chr15: 78832459- 78833058	3	0
chr15	78840566	78840567	rs113352275	chr15: 78840459- 78842458	122	0
chr15	78850557	78850558	rs28395178	chr15: 78850259- 78851658	106	0
chr15	78851614	78851615	rs2036527	chr15: 78850259- 78851658	106	0
chr15	78907858	78907859	rs8042059	chr15: 78907659- 78908058	6	0
chr15	78908009	78908010	rs8042494	chr15: 78907659- 78908058	6	0
chr15	78908031	78908032	rs8042374	chr15: 78907659- 78908058	6	0
chr15	78915244	78915245	rs6495309	chr15: 78914459- 78917858	276	0
chr15	78915863	78915864	rs10851907	chr15: 78914459- 78917858	276	0
chr15	78928263	78928264	rs12441088	chr15: 78928259- 78928658	1	0
chr15	78928398	78928399	rs67175876	chr15: 78928259- 78928658	1	0
chr15	78934550	78934551	rs3813567	chr15: 78933459- 78934858	51	0
chr15	80127912	80127913	rs35144922	chr15: 80127659- 80128258	3	0
chr15	80192974	80192975	rs36035742	chr15: 80191459- 80194858	27	0
chr15	80194246	80194247	rs2115536	chr15: 80191459- 80194858	27	0
chr15	80211690	80211691	rs7173566	chr15: 80206859- 80212658	97	0
chr15	101555398	101555399	rs2034809	chr15:101553598-101555597	50	0
chr15	101558561	101558562	rs930847	chr15:101555598-101561197	50	0
chr16	630664	630665	rs1981483	chr16:   626401-   631600	465	0
chr16	661334	661335	rs7204439	chr16:   660001-   662000	493	0
chr16	675679	675680	rs763014	chr16:   674601-   680000	494	0
chr16	677019	677020	rs34997977	chr16:   674601-   680000	494	0
chr16	706066	706067	rs9932866	chr16:   706001-   706200	1	0
chr16	754313	754314	rs4984687	chr16:   754001-   757400	62	0
chr16	1344290	1344291	rs11248862	chr16:  1341400-  1344599	319	0
chr16	4497450	4497451	rs6500602	chr16:  4497400-  4501999	154	0
chr16	11373319	11373320	rs529866	chr16: 11370144- 11373343	151	0
chr16	11403892	11403893	rs12928822	chr16: 11403145- 11403944	2	0
chr16	11631567	11631568	rs34318965	chr16: 11626745- 11637744	1119	0
chr16	11642241	11642242	rs7102	chr16: 11638945- 11642744	491	0
chr16	15530707	15530708	rs7404843	chr16: 15529344- 15530743	24	0
chr16	20677169	20677170	rs163269	chr16: 20673079- 20678478	457	0
chr16	20680205	20680206	rs433598	chr16: 20679679- 20684078	103	0
chr16	22002366	22002367	rs77085399	chr16: 22000880- 22002679	158	0
chr16	22064394	22064395	rs1962636	chr16: 22063280- 22066079	70	0
chr16	23394398	23394399	rs250567	chr16: 23393080- 23394879	39	0
chr16	28307939	28307940	rs33957528	chr16: 28307880- 28317879	389	0
chr16	28318439	28318440	rs2650494	chr16: 28318280- 28318479	1	0
chr16	28490516	28490517	rs151181	chr16: 28489680- 28491079	94	0
chr16	28505659	28505660	rs151234	chr16: 28503680- 28508679	163	0
chr16	28506427	28506428	rs151233	chr16: 28503680- 28508679	163	0
chr16	28510536	28510537	rs40836	chr16: 28510480- 28510679	1	0
chr16	28524611	28524612	rs240707	chr16: 28523680- 28529679	186	0
chr16	28527220	28527221	rs62034318	chr16: 28523680- 28529679	186	0
chr16	28527325	28527326	rs79046494	chr16: 28523680- 28529679	186	0
chr16	28528622	28528623	rs153103	chr16: 28523680- 28529679	186	0
chr16	28528780	28528781	rs28449958	chr16: 28523680- 28529679	186	0
chr16	28532187	28532188	rs62034319	chr16: 28531680- 28536879	520	0
chr16	28538639	28538640	rs62034325	chr16: 28538080- 28539479	38	0
chr16	28539397	28539398	rs143626010	chr16: 28538080- 28539479	38	0
chr16	28539847	28539848	rs4788084	chr16: 28539480- 28544079	298	0
chr16	28543380	28543381	rs12446550	chr16: 28539480- 28544079	298	0
chr16	28555399	28555400	rs4787457	chr16: 28555280- 28555879	1	0
chr16	28574614	28574615	rs480400	chr16: 28572280- 28575279	326	0
chr16	28618707	28618708	rs11648192	chr16: 28616480- 28618879	59	0
chr16	28622153	28622154	rs9922110	chr16: 28621080- 28623079	107	0
chr16	28840380	28840381	rs72793812	chr16: 28839280- 28840479	24	0
chr16	28857644	28857645	rs7187776	chr16: 28857480- 28859279	48	0
chr16	28875203	28875204	rs11864750	chr16: 28875080- 28879279	284	0
chr16	28881201	28881202	rs8055982	chr16: 28879880- 28881279	46	0
chr16	28883240	28883241	rs7498665	chr16: 28882480- 28884479	76	0
chr16	28883326	28883327	rs28433345	chr16: 28882480- 28884479	76	0
chr16	28885658	28885659	rs7359397	chr16: 28884880- 28885679	2	0
chr16	28889485	28889486	rs3888190	chr16: 28889280- 28889679	2	0
chr16	29966276	29966277	rs11646127	chr16: 29966080- 29966279	5	0
chr16	30000900	30000901	rs3814881	chr16: 30000480- 30001679	27	0
chr16	30093778	30093779	rs2278557	chr16: 30092280- 30093879	285	0
chr16	30103159	30103160	rs3809627	chr16: 30102680- 30103879	3	0
chr16	30918486	30918487	rs11649653	chr16: 30918280- 30918679	2	0
chr16	30942624	30942625	rs10782001	chr16: 30941480- 30942879	171	0
chr16	30987379	30987380	rs67517081	chr16: 30986880- 30987479	3	0
chr16	30999141	30999142	rs9938550	chr16: 30997880- 31000079	306	0
chr16	31006971	31006972	rs2199036	chr16: 31005480- 31010079	188	0
chr16	31026426	31026427	rs4889609	chr16: 31025480- 31026479	32	0
chr16	31095170	31095171	rs11865038	chr16: 31095080- 31096079	139	0
chr16	31095250	31095251	rs11864839	chr16: 31095080- 31096079	139	0
chr16	31107688	31107689	rs9923231	chr16: 31106280- 31108079	108	0
chr16	31117412	31117413	rs2032915	chr16: 31112880- 31118079	303	0
chr16	31129894	31129895	rs9925964	chr16: 31126280- 31132679	119	0
chr16	31334235	31334236	rs11150610	chr16: 31333480- 31334279	36	0
chr16	31357759	31357760	rs11150612	chr16: 31347080- 31358479	594	0
chr16	57388729	57388730	rs223883	chr16: 57383089- 57389488	500	0
chr16	57418724	57418725	rs8102	chr16: 57417489- 57419888	555	0
chr16	58459925	58459926	rs4784934	chr16: 58458497- 58463096	51	0
chr16	58681392	58681393	rs12325245	chr16: 58681097- 58683096	5	0
chr16	67087406	67087407	rs115253693	chr16: 67086698- 67087497	14	0
chr16	67225500	67225501	rs3729639	chr16: 67222898- 67226297	264	0
chr16	71705907	71705908	rs12924650	chr16: 71705898- 71707297	20	0
chr16	72012771	72012772	rs1122531	chr16: 72012502- 72014901	155	0
chr16	72014781	72014782	rs7192750	chr16: 72012502- 72014901	155	0
chr16	72015250	72015251	rs8051431	chr16: 72014902- 72015301	1	0
chr16	72025076	72025077	rs12927205	chr16: 72024502- 72025101	3	0
chr16	72032729	72032730	rs1035560	chr16: 72031902- 72032901	21	0
chr16	72050479	72050480	rs11864453	chr16: 72050302- 72056301	95	0
chr16	72052347	72052348	rs11648003	chr16: 72050302- 72056301	95	0
chr16	72078042	72078043	rs763665	chr16: 72077902- 72078301	1	0
chr16	72130814	72130815	rs1050362	chr16: 72130302- 72131701	19	0
chr16	72257698	72257699	rs17668704	chr16: 72255502- 72257701	163	0
chr16	72911738	72911739	rs7198843	chr16: 72911102- 72912501	14	0
chr16	89765045	89765046	rs35432452	chr16: 89759393- 89765992	340	0
chr16	89969592	89969593	rs4785736	chr16: 89969393- 89970392	18	0
chr17	928077	928078	rs2376600	chr17:   924561-   930360	350	0
chr17	4874214	4874215	rs452825	chr17:  4869306-  4878305	114	0
chr17	5699719	5699720	rs138973557	chr17:  5698081-  5702280	108	0
chr17	7362358	7362359	rs17732878	chr17:  7361682-  7364081	29	0
chr17	7363087	7363088	rs9217	chr17:  7361682-  7364081	29	0
chr17	7406133	7406134	rs11658168	chr17:  7405682-  7409081	134	0
chr17	7420293	7420294	rs9675122	chr17:  7417882-  7421481	87	0
chr17	7435039	7435040	rs8073937	chr17:  7434682-  7435481	57	0
chr17	12896552	12896553	rs9908102	chr17: 12896284- 12896883	27	0
chr17	17398277	17398278	rs11545787	chr17: 17396087- 17421886	1953	0
chr17	17470525	17470526	rs11658311	chr17: 17466487- 17473286	169	0
chr17	17543721	17543722	rs12936587	chr17: 17543087- 17544486	15	0
chr17	17544703	17544704	rs12449964	chr17: 17544687- 17548686	179	0
chr17	17843395	17843396	rs8070624	chr17: 17836887- 17857686	2088	0
chr17	17906519	17906520	rs62072049	chr17: 17906487- 17907886	64	0
chr17	17924059	17924060	rs8079418	chr17: 17918487- 17925286	781	0
chr17	17947709	17947710	rs2955382	chr17: 17947287- 17948686	64	0
chr17	17958401	17958402	rs8082590	chr17: 17957287- 17960486	323	0
chr17	18070760	18070761	rs854796	chr17: 18070287- 18071886	174	0
chr17	19799697	19799698	rs166840	chr17: 19799288- 19801087	34	0
chr17	19897804	19897805	rs11204421	chr17: 19896888- 19899087	259	0
chr17	20019693	20019694	rs7222984	chr17: 20019688- 20019887	1	0
chr17	29036424	29036425	rs180950758	chr17: 29035583- 29050382	1025	0
chr17	29087284	29087285	rs62070631	chr17: 29086983- 29087982	6	0
chr17	29103165	29103166	rs12946563	chr17: 29101983- 29103782	28	0
chr17	29211666	29211667	rs7223535	chr17: 29207583- 29217582	304	0
chr17	29247714	29247715	rs3760318	chr17: 29247583- 29247782	1	0
chr17	30343281	30343282	rs17780086	chr17: 30343183- 30347582	501	0
chr17	33873771	33873772	rs7221322	chr17: 33870982- 33874781	46	0
chr17	33875261	33875262	rs8073060	chr17: 33875182- 33875381	1	0
chr17	33902283	33902284	rs1046321	chr17: 33900782- 33903781	19	0
chr17	33931083	33931084	rs225285	chr17: 33927382- 33932381	139	0
chr17	34848873	34848874	rs2306589	chr17: 34848782- 34851981	23	0
chr17	35731080	35731081	rs8081319	chr17: 35725382- 35731181	430	0
chr17	36922195	36922196	rs1043515	chr17: 36920520- 36924116	98	0
chr17	37543448	37543449	rs7208487	chr17: 37541699- 37544298	84	0
chr17	37813855	37813856	rs11869286	chr17: 37813768- 37816375	68	0
chr17	37814079	37814080	rs1877031	chr17: 37813768- 37816375	68	0
chr17	37832365	37832366	rs2934952	chr17: 37831981- 37833983	38	0
chr17	37832703	37832704	rs2941505	chr17: 37831981- 37833983	38	0
chr17	40530762	40530763	rs4796791	chr17: 40526949- 40570348	4269	0
chr17	40542209	40542210	rs4796793	chr17: 40526949- 40570348	4269	0
chr17	41402019	41402020	rs74252763	chr17: 41401949- 41406948	293	0
chr17	43136194	43136195	rs7222240	chr17: 43136184- 43136383	1	0
chr17	43212962	43212963	rs2291447	chr17: 43212582- 43213981	70	0
chr17	43216280	43216281	rs4986172	chr17: 43216182- 43218381	18	0
chr17	43370480	43370481	rs721579	chr17: 43369433- 43374032	515	0
chr17	43471488	43471489	rs4763	chr17: 43471033- 43472232	23	0
chr17	43516401	43516402	rs17631303	chr17: 43515833- 43518232	40	0
chr17	43555252	43555253	rs56192752	chr17: 43552033- 43557432	379	0
chr17	43573418	43573419	rs62065453	chr17: 43572233- 43573832	20	0
chr17	43654467	43654468	rs62064364	chr17: 43653433- 43663632	837	0
chr17	43714849	43714850	rs2942168	chr17: 43714033- 43715032	58	0
chr17	43719142	43719143	rs393152	chr17: 43717033- 43720232	201	0
chr17	43758786	43758787	rs62055701	chr17: 43758633- 43761032	167	0
chr17	43781082	43781083	rs117560908	chr17: 43779633- 43782032	114	0
chr17	43781746	43781747	rs1724425	chr17: 43779633- 43782032	114	0
chr17	43783339	43783340	rs1526123	chr17: 43782033- 43785432	182	0
chr17	43804185	43804186	rs35116560	chr17: 43801833- 43805032	98	0
chr17	43810872	43810873	rs75022332	chr17: 43810433- 43811432	13	0
chr17	43810895	43810896	rs77804065	chr17: 43810433- 43811432	13	0
chr17	43811071	43811072	rs17563683	chr17: 43810433- 43811432	13	0
chr17	43815144	43815145	rs7220839	chr17: 43813833- 43815832	90	0
chr17	43824359	43824360	rs7207400	chr17: 43821233- 43825432	98	0
chr17	43830937	43830938	rs17426174	chr17: 43830633- 43832432	80	0
chr17	43856638	43856639	rs62057061	chr17: 43856633- 43862432	166	0
chr17	43857988	43857989	rs111433752	chr17: 43856633- 43862432	166	0
chr17	43871981	43871982	rs56319902	chr17: 43871433- 43875632	160	0
chr17	43873726	43873727	rs4458044	chr17: 43871433- 43875632	160	0
chr17	43893715	43893716	rs8072451	chr17: 43891833- 43893832	101	0
chr17	43902540	43902541	rs4327090	chr17: 43899433- 43902832	269	0
chr17	43906827	43906828	rs17689882	chr17: 43906633- 43906832	1	0
chr17	43911715	43911716	rs242949	chr17: 43911633- 43912632	1	0
chr17	43917135	43917136	rs242947	chr17: 43915633- 43917432	69	0
chr17	43923682	43923683	rs12185268	chr17: 43923433- 43925432	16	0
chr17	43924218	43924219	rs12373124	chr17: 43923433- 43925432	16	0
chr17	43925296	43925297	rs17690703	chr17: 43923433- 43925432	16	0
chr17	43936663	43936664	rs242934	chr17: 43935433- 43937032	24	0
chr17	43939213	43939214	rs140843301	chr17: 43938833- 43939232	3	0
chr17	43945287	43945288	rs1158660	chr17: 43945033- 43948432	44	0
chr17	44002270	44002271	rs9904290	chr17: 43998633- 44004232	156	0
chr17	44013474	44013475	rs79857651	chr17: 44013233- 44013832	16	0
chr17	44081063	44081064	rs8070723	chr17: 44081033- 44081232	2	0
chr17	44083947	44083948	rs8067056	chr17: 44083833- 44084032	1	0
chr17	44096552	44096553	rs62062288	chr17: 44093433- 44099832	580	0
chr17	44098966	44098967	rs17652520	chr17: 44093433- 44099832	580	0
chr17	44131095	44131096	rs11654745	chr17: 44130633- 44135032	66	0
chr17	44189857	44189858	rs76640332	chr17: 44189833- 44190432	2	0
chr17	44192567	44192568	rs4630591	chr17: 44191633- 44192832	46	0
chr17	44192589	44192590	rs35524223	chr17: 44191633- 44192832	46	0
chr17	44192617	44192618	rs4606752	chr17: 44191633- 44192832	46	0
chr17	44205689	44205690	rs4471723	chr17: 44202433- 44206632	412	0
chr17	44248768	44248769	rs1881193	chr17: 44245433- 44249832	342	0
chr17	44289231	44289232	rs2732631	chr17: 44287833- 44289232	3	0
chr17	44343901	44343902	rs2532345	chr17: 44343633- 44344832	147	0
chr17	44355601	44355602	rs2696532	chr17: 44355233- 44355632	11	0
chr17	44787311	44787312	rs1378358	chr17: 44785833- 44788632	174	0
chr17	44787312	44787313	rs538628	chr17: 44785833- 44788632	174	0
chr17	44788309	44788310	rs183211	chr17: 44785833- 44788632	174	0
chr17	44793282	44793283	rs17692129	chr17: 44792033- 44794032	31	0
chr17	44797918	44797919	rs199456	chr17: 44794033- 44799032	711	0
chr17	44800045	44800046	rs7224296	chr17: 44800033- 44800432	1	0
chr17	44847833	44847834	rs199525	chr17: 44847433- 44849432	45	0
chr17	44848313	44848314	rs3809857	chr17: 44847433- 44849432	45	0
chr17	44865438	44865439	rs2074404	chr17: 44865233- 44866232	8	0
chr17	44865497	44865498	rs199499	chr17: 44865233- 44866232	8	0
chr17	44865602	44865603	rs199498	chr17: 44865233- 44866232	8	0
chr17	45948951	45948952	rs72833466	chr17: 45939235- 45949434	465	0
chr17	45950720	45950721	rs72833470	chr17: 45949635- 45952434	80	0
chr17	46044030	46044031	rs9894188	chr17: 46043235- 46045234	47	0
chr17	48176334	48176335	rs12945254	chr17: 48172839- 48177438	151	0
chr17	48552454	48552455	rs58383597	chr17: 48552439- 48553438	7	0
chr17	48634356	48634357	rs6504675	chr17: 48634239- 48634838	1	0
chr17	48636533	48636534	rs989128	chr17: 48636239- 48636638	1	0
chr17	49054438	49054439	rs9332407	chr17: 49053039- 49056238	65	0
chr17	56295700	56295701	rs62083740	chr17: 56295040- 56302239	171	0
chr17	56584204	56584205	rs2302189	chr17: 56584040- 56584239	1	0
chr17	56604810	56604811	rs740605	chr17: 56598240- 56606239	227	0
chr17	56709033	56709034	rs411988	chr17: 56706640- 56711039	183	0
chr17	56709057	56709058	rs412000	chr17: 56706640- 56711039	183	0
chr17	57287453	57287454	rs6503905	chr17: 57280440- 57289839	473	0
chr17	57894458	57894459	rs4257266	chr17: 57893840- 57896239	247	0
chr17	57911229	57911230	rs1292061	chr17: 57896440- 57924439	1986	0
chr17	57934653	57934654	rs58681483	chr17: 57934040- 57938039	335	0
chr17	57963536	57963537	rs1292053	chr17: 57962440- 57963639	2	0
chr17	57989556	57989557	rs1292035	chr17: 57989040- 57991639	357	0
chr17	61076427	61076428	rs1588366	chr17: 61076240- 61077039	44	0
chr17	64214269	64214270	rs8178854	chr17: 64214241- 64214640	5	0
chr17	64303792	64303793	rs9892651	chr17: 64303641- 64303840	1	0
chr17	64318356	64318357	rs9912468	chr17: 64317241- 64318840	19	0
chr17	66900803	66900804	rs36059695	chr17: 66900284- 66901083	4	0
chr17	67138877	67138878	rs12453914	chr17: 67137885- 67139684	51	0
chr17	72929379	72929380	rs2035835	chr17: 72927662- 72932261	115	0
chr17	73060072	73060073	rs11077773	chr17: 73059862- 73060461	1	0
chr17	73341283	73341284	rs36023980	chr17: 73333662- 73351061	1851	0
chr17	73360153	73360154	rs9894206	chr17: 73355662- 73367061	845	0
chr17	73369421	73369422	rs959260	chr17: 73369062- 73370061	103	0
chr17	73872947	73872948	rs1055129	chr17: 73872862- 73873061	2	0
chr17	79192445	79192446	rs9319617	chr17: 79190519- 79194318	61	0
chr17	79213304	79213305	rs2659009	chr17: 79211319- 79215518	104	0
chr17	79542812	79542813	rs12949956	chr17: 79540119- 79543118	27	0
chr17	79915628	79915629	rs36023555	chr17: 79914602- 79916801	100	0
chr17	80177851	80177852	rs9747201	chr17: 80177802- 80178601	16	0
chr18	777281	777282	rs34413141	chr18:   777200-   777599	2	0
chr18	11987271	11987272	rs7506045	chr18: 11985602- 11999801	844	0
chr18	12606462	12606463	rs9959145	chr18: 12605802- 12611401	422	0
chr18	43845879	43845880	rs3842397	chr18: 43845436- 43848635	251	0
chr18	43867310	43867311	rs11877350	chr18: 43867036- 43868235	1	0
chr18	47109692	47109693	rs9951026	chr18: 47107830- 47111229	56	0
chr18	55238819	55238820	rs2272783	chr18: 55234170- 55241569	369	0
chr18	60848638	60848639	rs4940576	chr18: 60847368- 60848767	16	0
chr18	67539391	67539392	rs1865761	chr18: 67539164- 67539763	4	0
chr19	2403563	2403564	rs7248779	chr19:  2403003-  2403602	12	0
chr19	4069118	4069119	rs7254272	chr19:  4068603-  4070602	221	0
chr19	4083915	4083916	rs67820526	chr19:  4075203-  4090802	1304	0
chr19	4085895	4085896	rs2656523	chr19:  4075203-  4090802	1304	0
chr19	4105558	4105559	rs350906	chr19:  4103403-  4106802	97	0
chr19	7900561	7900562	rs652260	chr19:  7900316-  7902515	71	0
chr19	8500050	8500051	rs11259979	chr19:  8498117-  8500916	62	0
chr19	10340911	10340912	rs2288937	chr19: 10337525- 10341124	194	0
chr19	10412408	10412409	rs140735577	chr19: 10405925- 10413524	525	0
chr19	11227479	11227480	rs2738447	chr19: 11226925- 11227524	2	0
chr19	11256175	11256176	rs4804146	chr19: 11252525- 11256724	278	0
chr19	11266692	11266693	rs7251031	chr19: 11264325- 11266924	294	0
chr19	11292082	11292083	rs74180173	chr19: 11290325- 11294524	185	0
chr19	11292810	11292811	rs12978807	chr19: 11290325- 11294524	185	0
chr19	11292819	11292820	rs12972345	chr19: 11290325- 11294524	185	0
chr19	11294536	11294537	rs7254114	chr19: 11294525- 11298324	173	0
chr19	11297257	11297258	rs12974711	chr19: 11294525- 11298324	173	0
chr19	11584817	11584818	rs17638167	chr19: 11579386- 11587785	457	0
chr19	12969290	12969291	rs145060708	chr19: 12969187- 12970386	202	0
chr19	13032939	13032940	rs11673346	chr19: 13031387- 13035786	76	0
chr19	13062426	13062427	rs45495792	chr19: 13061987- 13072986	180	0
chr19	13171423	13171424	rs1382358	chr19: 13164587- 13171986	1140	0
chr19	13207283	13207284	rs11555274	chr19: 13206387- 13207586	67	0
chr19	13212024	13212025	rs12151248	chr19: 13207587- 13213586	226	0
chr19	18285943	18285944	rs11554159	chr19: 18283191- 18291190	1203	0
chr19	18304699	18304700	rs874628	chr19: 18300391- 18304790	726	0
chr19	18389134	18389135	rs12608504	chr19: 18388991- 18389390	31	0
chr19	18398029	18398030	rs12973608	chr19: 18396391- 18404390	483	0
chr19	18398627	18398628	rs11086102	chr19: 18396391- 18404390	483	0
chr19	19361734	19361735	rs1064395	chr19: 19361592- 19361791	14	0
chr19	19366631	19366632	rs72999033	chr19: 19365592- 19367391	243	0
chr19	19394639	19394640	rs56212061	chr19: 19394592- 19394791	1	0
chr19	19552412	19552413	rs4808955	chr19: 19549592- 19552991	101	0
chr19	19579556	19579557	rs4808962	chr19: 19578192- 19582991	118	0
chr19	19591065	19591066	rs10401193	chr19: 19588592- 19592591	532	0
chr19	19610595	19610596	rs3794991	chr19: 19610592- 19610991	4	0
chr19	30294990	30294991	rs62104477	chr19: 30291494- 30296493	69	0
chr19	33072068	33072069	rs10402931	chr19: 33071695- 33072294	11	0
chr19	33072084	33072085	rs10405535	chr19: 33071695- 33072294	11	0
chr19	33358354	33358355	rs7247977	chr19: 33358295- 33359094	12	0
chr19	33364627	33364628	rs8101881	chr19: 33364495- 33364694	1	0
chr19	34320853	34320854	rs2546057	chr19: 34320696- 34320895	5	0
chr19	38735612	38735613	rs8102476	chr19: 38731161- 38735960	531	0
chr19	38824580	38824581	rs8112211	chr19: 38823761- 38825360	45	0
chr19	38912763	38912764	rs892055	chr19: 38911961- 38913360	24	0
chr19	39438531	39438532	rs12983238	chr19: 39436761- 39439160	134	0
chr19	41922351	41922352	rs4803468	chr19: 41920649- 41922448	12	0
chr19	41933789	41933790	rs557663478	chr19: 41933649- 41938448	154	0
chr19	41937094	41937095	rs17318596	chr19: 41933649- 41938448	154	0
chr19	42066278	42066279	rs4803480	chr19: 42065649- 42067048	28	0
chr19	45311083	45311084	rs140824606	chr19: 45309343- 45311342	6	0
chr19	45395265	45395266	rs157580	chr19: 45395143- 45395342	1	0
chr19	46206261	46206262	rs17850756	chr19: 46195344- 46207343	272	0
chr19	46224970	46224971	rs36120341	chr19: 46221544- 46225543	189	0
chr19	50176785	50176786	rs1045567	chr19: 50176344- 50181743	110	0
chr2	9798876	9798877	rs72777070	chr2:  9796272-  9804671	964	0
chr2	15729819	15729820	rs3755132	chr2: 15728277- 15736076	611	0
chr2	15782470	15782471	rs807624	chr2: 15779877- 15783076	51	0
chr2	26667129	26667130	rs3795958	chr2: 26666933- 26667332	1	0
chr2	27486594	27486595	rs6759518	chr2: 27485734- 27487333	19	0
chr2	29082135	29082136	rs147972440	chr2: 29080535- 29082334	58	0
chr2	29119584	29119585	rs67073037	chr2: 29116935- 29119934	59	0
chr2	42419828	42419829	rs10193935	chr2: 42419661- 42420060	3	0
chr2	43015718	43015719	rs3816183	chr2: 43013262- 43029661	1220	0
chr2	44135313	44135314	rs13387221	chr2: 44129662- 44139061	437	0
chr2	44221159	44221160	rs13017251	chr2: 44220862- 44221461	3	0
chr2	44547573	44547574	rs698761	chr2: 44542262- 44551661	425	0
chr2	44705614	44705615	rs698813	chr2: 44704262- 44709661	281	0
chr2	55582683	55582684	rs1437394	chr2: 55581465- 55583664	81	0
chr2	55843412	55843413	rs782590	chr2: 55840666- 55845265	274	0
chr2	55845108	55845109	rs10200159	chr2: 55840666- 55845265	274	0
chr2	58242036	58242037	rs60152647	chr2: 58241666- 58243265	50	0
chr2	58756728	58756729	rs35609938	chr2: 58756066- 58760465	39	0
chr2	61772256	61772257	rs6545883	chr2: 61770266- 61773265	83	0
chr2	64296597	64296598	rs13395129	chr2: 64295267- 64297666	57	0
chr2	64349201	64349202	rs7604693	chr2: 64348267- 64349666	48	0
chr2	70412539	70412540	rs35689231	chr2: 70411269- 70413868	34	0
chr2	70524141	70524142	rs14234	chr2: 70522669- 70526868	445	0
chr2	74939175	74939176	rs1137	chr2: 74938874- 74939473	1	0
chr2	86280924	86280925	rs3770081	chr2: 86279078- 86281277	143	0
chr2	86360572	86360573	rs2241437	chr2: 86360478- 86361677	51	0
chr2	86594486	86594487	rs72926475	chr2: 86591678- 86596877	39	0
chr2	86704879	86704880	rs72930400	chr2: 86703078- 86706677	317	0
chr2	86841068	86841069	rs745109	chr2: 86840678- 86844877	58	0
chr2	96841792	96841793	rs11886999	chr2: 96841064- 96846263	72	0
chr2	99389869	99389870	rs10189330	chr2: 99388538- 99390337	33	0
chr2	99841084	99841085	rs12477438	chr2: 99840739- 99842338	24	0
chr2	99876243	99876244	rs2200578	chr2: 99875139- 99876338	7	0
chr2	100057207	100057208	rs3792142	chr2:100056139-100058738	59	0
chr2	100060440	100060441	rs57977991	chr2:100059339-100062738	105	0
chr2	100106796	100106797	rs6761390	chr2:100106139-100115738	253	0
chr2	100109000	100109001	rs6715321	chr2:100106139-100115738	253	0
chr2	105378956	105378957	rs12615966	chr2:105376344-105379543	21	0
chr2	111900559	111900560	rs17484848	chr2:111899624-111901423	106	0
chr2	111908261	111908262	rs9308731	chr2:111901424-111911423	874	0
chr2	111910693	111910694	rs6734942	chr2:111901424-111911423	874	0
chr2	111933000	111933001	rs72837826	chr2:111932824-111933023	5	0
chr2	111941994	111941995	rs616582	chr2:111941824-111942623	5	0
chr2	113967074	113967075	rs11123169	chr2:113965424-113968223	142	0
chr2	120994532	120994533	rs10199109	chr2:120994425-120994624	2	0
chr2	157365592	157365593	rs297595	chr2:157363089-157365888	110	0
chr2	170639069	170639070	rs4668163	chr2:170638691-170639090	6	0
chr2	172731982	172731983	rs59844139	chr2:172731873-172732072	1	0
chr2	172812338	172812339	rs2165934	chr2:172812273-172812472	1	0
chr2	173311552	173311553	rs12621278	chr2:173311273-173312872	24	0
chr2	178418574	178418575	rs1348850	chr2:178417274-178419473	30	0
chr2	187519337	187519338	rs9333290	chr2:187519274-187520473	51	0
chr2	188196468	188196469	rs840616	chr2:188196074-188197473	57	0
chr2	188333063	188333064	rs4140885	chr2:188332474-188335873	264	0
chr2	200676925	200676926	rs7605378	chr2:200676678-200679677	120	0
chr2	200716118	200716119	rs796364	chr2:200716078-200716677	12	0
chr2	200986344	200986345	rs7588746	chr2:200985478-200987877	68	0
chr2	201148075	201148076	rs10931896	chr2:201147878-201148277	26	0
chr2	201180022	201180023	rs3820888	chr2:201179878-201180677	16	0
chr2	201232861	201232862	rs296790	chr2:201231278-201233877	220	0
chr2	201868304	201868305	rs112257290	chr2:201868278-201868477	1	0
chr2	201889750	201889751	rs7591472	chr2:201887678-201891877	204	0
chr2	201909514	201909515	rs13015798	chr2:201904278-201912677	497	0
chr2	201923481	201923482	rs80252786	chr2:201923078-201925277	57	0
chr2	202023948	202023949	rs7558911	chr2:202022678-202026877	164	0
chr2	202111379	202111380	rs3769825	chr2:202109078-202111877	156	0
chr2	202122994	202122995	rs3769823	chr2:202121678-202124477	164	0
chr2	202123429	202123430	rs3769821	chr2:202121678-202124477	164	0
chr2	202153077	202153078	rs1035142	chr2:202152078-202155077	58	0
chr2	202153919	202153920	rs6743068	chr2:202152078-202155077	58	0
chr2	202154396	202154397	rs6715284	chr2:202152078-202155077	58	0
chr2	202165205	202165206	rs2080303	chr2:202164078-202165277	29	0
chr2	202249707	202249708	rs2714486	chr2:202248878-202250877	131	0
chr2	202367588	202367589	rs77688320	chr2:202367078-202368077	2	0
chr2	202531263	202531264	rs62193398	chr2:202528478-202531477	116	0
chr2	207634235	207634236	rs2277912	chr2:207632077-207636676	273	0
chr2	213165718	213165719	rs78391944	chr2:213163877-213168076	20	0
chr2	216287092	216287093	rs1250248	chr2:216281278-216289877	289	0
chr2	216300184	216300185	rs1250258	chr2:216298078-216301477	168	0
chr2	216300481	216300482	rs1250259	chr2:216298078-216301477	168	0
chr2	219272293	219272294	rs921968	chr2:219271879-219276078	371	0
chr2	219467507	219467508	rs2710247	chr2:219466679-219471078	58	0
chr2	219545308	219545309	rs2303565	chr2:219544479-219546678	135	0
chr2	219645552	219645553	rs6710529	chr2:219641479-219646478	761	0
chr2	219675066	219675067	rs6709815	chr2:219674879-219675878	21	0
chr2	225337187	225337188	rs13016316	chr2:225336685-225338484	81	0
chr2	227773465	227773466	rs3820928	chr2:227773285-227775684	42	0
chr2	231115453	231115454	rs9989735	chr2:231113887-231118886	61	0
chr2	231116873	231116874	rs7423615	chr2:231113887-231118886	61	0
chr2	231122056	231122057	rs13023767	chr2:231120287-231126286	385	0
chr2	231177903	231177904	rs933957	chr2:231176487-231178086	30	0
chr2	233513174	233513175	rs2140773	chr2:233513155-233514954	7	0
chr2	233520253	233520254	rs13395911	chr2:233518955-233521554	21	0
chr20	3119554	3119555	rs857252	chr20:  3119155-  3120754	25	0
chr20	3381548	3381549	rs965469	chr20:  3379354-  3381753	32	0
chr20	25019098	25019099	rs6050267	chr20: 25018965- 25019164	1	0
chr20	32287916	32287917	rs548466113	chr20: 32282998- 32288597	218	0
chr20	32304652	32304653	rs1074683	chr20: 32304198- 32304797	3	0
chr20	32333180	32333181	rs7274811	chr20: 32332198- 32335397	307	0
chr20	33020956	33020957	rs13044413	chr20: 33019395- 33022194	3	0
chr20	33418739	33418740	rs6088621	chr20: 33418195- 33420794	113	0
chr20	33425811	33425812	rs12625149	chr20: 33420795- 33427794	345	0
chr20	33435160	33435161	rs17092148	chr20: 33430595- 33437594	252	0
chr20	33539999	33540000	rs2025096	chr20: 33537395- 33540394	160	0
chr20	33623700	33623701	rs6120804	chr20: 33623595- 33624394	15	0
chr20	33691651	33691652	rs6060235	chr20: 33686995- 33695994	718	0
chr20	33719182	33719183	rs3746428	chr20: 33717995- 33719194	45	0
chr20	33775199	33775200	rs11167260	chr20: 33773195- 33775994	11	0
chr20	33777611	33777612	rs6087685	chr20: 33777395- 33782194	117	0
chr20	33789141	33789142	rs8114671	chr20: 33782795- 33791194	613	0
chr20	33794377	33794378	rs6060308	chr20: 33793995- 33794594	3	0
chr20	33907908	33907909	rs6088791	chr20: 33907795- 33907994	3	0
chr20	34154740	34154741	rs7264396	chr20: 34153395- 34156194	50	0
chr20	35766336	35766337	rs8115854	chr20: 35764479- 35771478	1018	0
chr20	36662830	36662831	rs755107	chr20: 36662598- 36663997	10	0
chr20	45538433	45538434	rs6018158	chr20: 45538162- 45538961	7	0
chr20	45576906	45576907	rs1206751	chr20: 45576762- 45577361	16	0
chr20	45578377	45578378	rs1206755	chr20: 45578162- 45578761	32	0
chr20	52268994	52268995	rs2041278	chr20: 52268062- 52271261	9	0
chr20	57587770	57587771	rs4812048	chr20: 57584945- 57587944	82	0
chr20	57589765	57589766	rs151349	chr20: 57587945- 57595544	170	0
chr20	57597010	57597011	rs62205397	chr20: 57596745- 57598744	191	0
chr20	57598331	57598332	rs11471957	chr20: 57596745- 57598744	191	0
chr21	26756968	26756969	rs59551326	chr21: 26755082- 26759081	68	0
chr21	33075403	33075404	rs2833483	chr21: 33073495- 33081494	171	0
chr21	34925688	34925689	rs61739710	chr21: 34924504- 34927903	79	0
chr21	35016136	35016137	rs1892700	chr21: 35014104- 35017103	41	0
chr21	35274964	35274965	rs118136136	chr21: 35272903- 35278702	189	0
chr21	38160162	38160163	rs3787751	chr21: 38159107- 38160306	57	0
chr21	42746080	42746081	rs45430	chr21: 42730691- 42749890	1293	0
chr21	42793790	42793791	rs459482	chr21: 42793291- 42798290	112	0
chr21	44482935	44482936	rs1789953	chr21: 44482918- 44483317	3	0
chr22	18911332	18911333	rs117935223	chr22: 18906888- 18911687	328	0
chr22	18915346	18915347	rs2238732	chr22: 18915288- 18915487	5	0
chr22	18965627	18965628	rs11914070	chr22: 18964088- 18968287	38	0
chr22	18966616	18966617	rs2540647	chr22: 18964088- 18968287	38	0
chr22	19749524	19749525	rs1978060	chr22: 19748678- 19751877	36	0
chr22	19842309	19842310	rs17534001	chr22: 19841078- 19846277	518	0
chr22	19856709	19856710	rs58714937	chr22: 19856478- 19858677	75	0
chr22	19872644	19872645	rs35934224	chr22: 19868278- 19879877	685	0
chr22	19948336	19948337	rs4646312	chr22: 19947478- 19948477	150	0
chr22	19951270	19951271	rs4680	chr22: 19951078- 19951477	7	0
chr22	19960183	19960184	rs71313931	chr22: 19958078- 19964077	603	0
chr22	19960605	19960606	rs2240715	chr22: 19958078- 19964077	603	0
chr22	19967979	19967980	rs12628032	chr22: 19967878- 19968277	1	0
chr22	19972451	19972452	rs2238783	chr22: 19970278- 19976677	376	0
chr22	19984012	19984013	rs1034564	chr22: 19982078- 19986477	287	0
chr22	19984276	19984277	rs1034566	chr22: 19982078- 19986477	287	0
chr22	19988166	19988167	rs4819852	chr22: 19987278- 19994077	439	0
chr22	20010849	20010850	rs4819855	chr22: 20007278- 20016077	390	0
chr22	20011158	20011159	rs9605049	chr22: 20007278- 20016077	390	0
chr22	20031963	20031964	rs455049	chr22: 20031678- 20033877	25	0
chr22	20142512	20142513	rs11913445	chr22: 20141078- 20142677	33	0
chr22	24161716	24161717	rs5760054	chr22: 24160233- 24163832	33	0
chr22	30184598	30184599	rs140147	chr22: 30176812- 30216011	2931	0
chr22	30202773	30202774	rs737945	chr22: 30176812- 30216011	2931	0
chr22	30225972	30225973	rs73394838	chr22: 30217412- 30231611	757	0
chr22	30288337	30288338	rs9614099	chr22: 30286412- 30289011	272	0
chr22	30386357	30386358	rs5763674	chr22: 30385812- 30386611	106	0
chr22	30405150	30405151	rs41157	chr22: 30404412- 30405211	8	0
chr22	31020340	31020341	rs12485165	chr22: 31019615- 31021014	5	0
chr22	31645758	31645759	rs2106294	chr22: 31645615- 31648414	149	0
chr22	31647093	31647094	rs4820043	chr22: 31645615- 31648414	149	0
chr22	31665861	31665862	rs2413045	chr22: 31665215- 31666214	41	0
chr22	32138137	32138138	rs62238885	chr22: 32137614- 32138213	20	0
chr22	32880584	32880585	rs5749446	chr22: 32879214- 32883813	447	0
chr22	32883281	32883282	rs3827335	chr22: 32879214- 32883813	447	0
chr22	32899515	32899516	rs9606967	chr22: 32899415- 32900414	2	0
chr22	32899857	32899858	rs5754120	chr22: 32899415- 32900414	2	0
chr22	37462935	37462936	rs855791	chr22: 37461963- 37462962	7	0
chr22	39930196	39930197	rs2413595	chr22: 39905397- 39955996	1298	0
chr22	41416180	41416181	rs8139770	chr22: 41415997- 41420396	353	0
chr22	41418296	41418297	rs9611460	chr22: 41415997- 41420396	353	0
chr22	41587555	41587556	rs9607782	chr22: 41587397- 41588596	99	0
chr22	41598932	41598933	rs136402	chr22: 41596597- 41599596	300	0
chr22	41757646	41757647	rs4822024	chr22: 41757397- 41757996	1	0
chr22	41859660	41859661	rs6002386	chr22: 41859597- 41859796	3	0
chr22	41979667	41979668	rs4822044	chr22: 41977997- 41981396	52	0
chr22	42336171	42336172	rs5758511	chr22: 42334595- 42341594	168	0
chr22	42340843	42340844	rs1023500	chr22: 42334595- 42341594	168	0
chr22	42370990	42370991	rs5751191	chr22: 42370795- 42371994	33	0
chr22	42386268	42386269	rs58874647	chr22: 42384395- 42390394	144	0
chr22	42414180	42414181	rs9607868	chr22: 42413995- 42416194	26	0
chr22	42538398	42538399	rs36093924	chr22: 42532995- 42539994	325	0
chr22	42547738	42547739	rs2743465	chr22: 42547595- 42548594	2	0
chr22	42571027	42571028	rs760648	chr22: 42570795- 42571394	2	0
chr22	42622002	42622003	rs5758659	chr22: 42619995- 42622394	188	0
chr22	42670964	42670965	rs134882	chr22: 42670395- 42671794	108	0
chr22	43028480	43028481	rs3091344	chr22: 43027395- 43028794	72	0
chr22	44324726	44324727	rs738409	chr22: 44324321- 44328320	246	0
chr22	44324729	44324730	rs738408	chr22: 44324321- 44328320	246	0
chr22	44324854	44324855	rs3747207	chr22: 44324321- 44328320	246	0
chr22	44325995	44325996	rs12483959	chr22: 44324321- 44328320	246	0
chr22	44340903	44340904	rs2294915	chr22: 44340721- 44342920	187	0
chr22	44391685	44391686	rs2143571	chr22: 44390121- 44391920	11	0
chr22	45630661	45630662	rs2294196	chr22: 45627721- 45633520	123	0
chr22	50628995	50628996	rs56036086	chr22: 50628973- 50629172	19	0
chr22	50676258	50676259	rs7511006	chr22: 50676173- 50678772	50	0
chr22	50678570	50678571	rs5771109	chr22: 50676173- 50678772	50	0
chr22	50697118	50697119	rs742184	chr22: 50694173- 50697372	139	0
chr22	50720903	50720904	rs35278490	chr22: 50719373- 50721772	16	0
chr3	10135576	10135577	rs1552244	chr3: 10134117- 10135916	21	0
chr3	12517102	12517103	rs1797885	chr3: 12517102- 12518501	37	0
chr3	12709484	12709485	rs7639513	chr3: 12705502- 12709701	91	0
chr3	45817417	45817418	rs758386	chr3: 45815909- 45820308	431	0
chr3	48130892	48130893	rs6442101	chr3: 48128911- 48131510	340	0
chr3	48525954	48525955	rs6442126	chr3: 48525768- 48526967	2	0
chr3	48748988	48748989	rs12497850	chr3: 48735368- 48751567	866	0
chr3	48770731	48770732	rs11715835	chr3: 48769568- 48770767	27	0
chr3	49162283	49162284	rs34759087	chr3: 49161968- 49162367	2	0
chr3	49238717	49238718	rs13091206	chr3: 49237968- 49240767	343	0
chr3	49453833	49453834	rs6997	chr3: 49453768- 49457567	284	0
chr3	49455329	49455330	rs11715915	chr3: 49453768- 49457567	284	0
chr3	49455985	49455986	rs9859556	chr3: 49453768- 49457567	284	0
chr3	49468688	49468689	rs80033912	chr3: 49458568- 49468967	1045	0
chr3	49476805	49476806	rs13096760	chr3: 49476368- 49476967	7	0
chr3	49649872	49649873	rs62262671	chr3: 49644968- 49651367	211	0
chr3	49658083	49658084	rs13096480	chr3: 49652968- 49658967	87	0
chr3	49666963	49666964	rs1873625	chr3: 49664368- 49669767	248	0
chr3	49686681	49686682	rs6770670	chr3: 49686368- 49687367	22	0
chr3	49719728	49719729	rs9822268	chr3: 49717568- 49720167	246	0
chr3	49832787	49832788	rs73079003	chr3: 49832768- 49833167	2	0
chr3	49877584	49877585	rs9858428	chr3: 49877168- 49882967	278	0
chr3	49901059	49901060	rs11130222	chr3: 49899968- 49902967	262	0
chr3	49907110	49907111	rs6446187	chr3: 49904368- 49908967	526	0
chr3	49911154	49911155	rs55692411	chr3: 49910168- 49911767	29	0
chr3	49916709	49916710	rs7613360	chr3: 49916368- 49917367	23	0
chr3	50174196	50174197	rs2624847	chr3: 50174168- 50174367	1	0
chr3	50201923	50201924	rs2188151	chr3: 50201368- 50203367	18	0
chr3	50202230	50202231	rs2624839	chr3: 50201368- 50203367	18	0
chr3	53487278	53487279	rs2930176	chr3: 53483574- 53487773	36	0
chr3	53747373	53747374	rs13076366	chr3: 53746574- 53751173	255	0
chr3	53750083	53750084	rs4453827	chr3: 53746574- 53751173	255	0
chr3	57993334	57993335	rs11709228	chr3: 57992074- 57994273	89	0
chr3	58331185	58331186	rs2176082	chr3: 58330474- 58332273	112	0
chr3	58366016	58366017	rs116165318	chr3: 58365274- 58366673	13	0
chr3	58374028	58374029	rs7610312	chr3: 58373274- 58375873	71	0
chr3	58380464	58380465	rs11714574	chr3: 58379074- 58382473	57	0
chr3	58395862	58395863	rs56384862	chr3: 58393874- 58395873	47	0
chr3	58470350	58470351	rs9311676	chr3: 58469874- 58479873	635	0
chr3	66411854	66411855	rs332388	chr3: 66410977- 66412576	17	0
chr3	66431601	66431602	rs2242285	chr3: 66423577- 66434376	669	0
chr3	66434642	66434643	rs2306272	chr3: 66434377- 66434776	1	0
chr3	66442434	66442435	rs812481	chr3: 66435377- 66446376	985	0
chr3	66454190	66454191	rs34080181	chr3: 66447377- 66457776	703	0
chr3	66502980	66502981	rs11706832	chr3: 66501777- 66507776	288	0
chr3	67416321	67416322	rs17806888	chr3: 67415377- 67417376	18	0
chr3	67417104	67417105	rs2363709	chr3: 67415377- 67417376	18	0
chr3	67531387	67531388	rs6792584	chr3: 67528577- 67531976	96	0
chr3	119150088	119150089	rs3732421	chr3:119148354-119150153	13	0
chr3	119174382	119174383	rs12636784	chr3:119174154-119178953	149	0
chr3	119219933	119219934	rs2293370	chr3:119218954-119220153	19	0
chr3	119260943	119260944	rs6804441	chr3:119260754-119261353	20	0
chr3	119560605	119560606	rs6805251	chr3:119558954-119561153	74	0
chr3	120101526	120101527	rs2702164	chr3:120100354-120103953	134	0
chr3	127715195	127715196	rs17282209	chr3:127705758-127719557	741	0
chr3	127813810	127813811	rs35515217	chr3:127813358-127822157	486	0
chr3	127814076	127814077	rs36069551	chr3:127813358-127822157	486	0
chr3	127814456	127814457	rs11714052	chr3:127813358-127822157	486	0
chr3	127815926	127815927	rs36059338	chr3:127813358-127822157	486	0
chr3	127816432	127816433	rs34228187	chr3:127813358-127822157	486	0
chr3	127817021	127817022	rs34562493	chr3:127813358-127822157	486	0
chr3	127817477	127817478	rs6787614	chr3:127813358-127822157	486	0
chr3	127817954	127817955	rs11720239	chr3:127813358-127822157	486	0
chr3	127818868	127818869	rs34709844	chr3:127813358-127822157	486	0
chr3	127820845	127820846	rs11715661	chr3:127813358-127822157	486	0
chr3	127822020	127822021	rs55777628	chr3:127813358-127822157	486	0
chr3	127824048	127824049	rs11719079	chr3:127823958-127824557	13	0
chr3	127825305	127825306	rs35437840	chr3:127825158-127825757	5	0
chr3	127833230	127833231	rs35947214	chr3:127833158-127833557	3	0
chr3	127833352	127833353	rs67940364	chr3:127833158-127833557	3	0
chr3	127834694	127834695	rs6785535	chr3:127834158-127837757	98	0
chr3	127837507	127837508	rs34545799	chr3:127834158-127837757	98	0
chr3	127847297	127847298	rs56050323	chr3:127846558-127850557	94	0
chr3	127847417	127847418	rs35145572	chr3:127846558-127850557	94	0
chr3	127848155	127848156	rs13095660	chr3:127846558-127850557	94	0
chr3	127848387	127848388	rs6788497	chr3:127846558-127850557	94	0
chr3	127849066	127849067	rs6439116	chr3:127846558-127850557	94	0
chr3	127849683	127849684	rs13059975	chr3:127846558-127850557	94	0
chr3	127849743	127849744	rs34174370	chr3:127846558-127850557	94	0
chr3	127850075	127850076	rs11714619	chr3:127846558-127850557	94	0
chr3	127860478	127860479	rs34689870	chr3:127860158-127860757	16	0
chr3	127870268	127870269	rs34749881	chr3:127869958-127870557	3	0
chr3	127886956	127886957	rs10934850	chr3:127886158-127891157	186	0
chr3	127888066	127888067	rs872267	chr3:127886158-127891157	186	0
chr3	127888174	127888175	rs34409786	chr3:127886158-127891157	186	0
chr3	127889541	127889542	rs13067650	chr3:127886158-127891157	186	0
chr3	127954433	127954434	rs2999083	chr3:127952358-127956557	124	0
chr3	127958868	127958869	rs2955077	chr3:127958758-127959157	4	0
chr3	127959185	127959186	rs2955078	chr3:127959158-127962757	134	0
chr3	127960298	127960299	rs2955081	chr3:127959158-127962757	134	0
chr3	127961177	127961178	rs2955083	chr3:127959158-127962757	134	0
chr3	127962756	127962757	rs2955085	chr3:127959158-127962757	134	0
chr3	127987866	127987867	rs2811400	chr3:127985958-127990957	45	0
chr3	127988918	127988919	rs2811536	chr3:127985958-127990957	45	0
chr3	127991176	127991177	rs2811414	chr3:127991158-127991757	3	0
chr3	127991526	127991527	rs2811415	chr3:127991158-127991757	3	0
chr3	127991937	127991938	rs2811416	chr3:127991758-127991957	1	0
chr3	127997911	127997912	rs2811381	chr3:127996158-127998957	9	0
chr3	128050613	128050614	rs11706304	chr3:128050558-128050957	7	0
chr3	128059292	128059293	rs73201462	chr3:128059158-128059357	1	0
chr3	128297568	128297569	rs9880192	chr3:128292958-128298557	253	0
chr3	128308883	128308884	rs2734037	chr3:128307958-128312157	76	0
chr3	128310588	128310589	rs4286447	chr3:128307958-128312157	76	0
chr3	128316889	128316890	rs2712431	chr3:128312358-128327157	532	0
chr3	128323423	128323424	rs6782228	chr3:128312358-128327157	532	0
chr3	128338599	128338600	rs2712381	chr3:128333958-128339757	137	0
chr3	128349375	128349376	rs55683935	chr3:128348358-128352957	186	0
chr3	128392372	128392373	rs7650934	chr3:128374158-128406157	1170	0
chr3	139283461	139283462	rs1497266	chr3:139279959-139284558	124	0
chr3	154036705	154036706	rs355772	chr3:154036012-154037211	14	0
chr3	154057740	154057741	rs789294	chr3:154056012-154063211	353	0
chr3	181851283	181851284	rs16832889	chr3:181850613-181852012	19	0
chr3	182730290	182730291	rs9858038	chr3:182729613-182731012	24	0
chr3	182755208	182755209	rs2270968	chr3:182753213-182756012	83	0
chr3	182821274	182821275	rs11711441	chr3:182821013-182822012	12	0
chr4	3389810	3389811	rs6828057	chr4:  3382674-  3392673	811	0
chr4	3451593	3451594	rs28581225	chr4:  3451474-  3452673	80	0
chr4	3468435	3468436	rs13103813	chr4:  3468274-  3468473	1	0
chr4	3473138	3473139	rs6831256	chr4:  3471274-  3474273	30	0
chr4	3480135	3480136	rs2699429	chr4:  3479074-  3488273	294	0
chr4	6984463	6984464	rs66573146	chr4:  6983274-  6986273	84	0
chr4	7033670	7033671	rs12119	chr4:  7032874-  7037473	207	0
chr4	15737100	15737101	rs11724635	chr4: 15736978- 15737177	2	0
chr4	15737117	15737118	rs4266290	chr4: 15736978- 15737177	2	0
chr4	15753569	15753570	rs12651314	chr4: 15753178- 15757577	333	0
chr4	15770910	15770911	rs4473651	chr4: 15770778- 15775977	89	0
chr4	42120508	42120509	rs2880666	chr4: 42119984- 42121183	23	0
chr4	44817805	44817806	rs77132247	chr4: 44817184- 44818783	17	0
chr4	48470295	48470296	rs13110633	chr4: 48469784- 48471383	69	0
chr4	68447248	68447249	rs2242330	chr4: 68446283- 68448282	36	0
chr4	90753179	90753180	rs2737002	chr4: 90752050- 90754049	34	0
chr4	90757504	90757505	rs1372520	chr4: 90757450- 90757849	1	0
chr4	90757839	90757840	rs2245801	chr4: 90757450- 90757849	1	0
chr4	100022570	100022571	rs1453873	chr4:100022044-100023643	41	0
chr4	109723125	109723126	rs4956211	chr4:109722845-109723244	2	0
chr4	145878583	145878584	rs1648053	chr4:145877449-145885648	414	0
chr4	153495514	153495515	rs10011174	chr4:153493649-153499648	218	0
chr4	164438199	164438200	rs9308062	chr4:164438049-164438648	2	0
chr4	185748805	185748806	rs6856693	chr4:185748647-185749046	2	0
chr5	43382857	43382858	rs11951515	chr5: 43382699- 43383098	2	0
chr5	56096314	56096315	rs1862618	chr5: 56088374- 56109373	963	0
chr5	56104307	56104308	rs10461617	chr5: 56088374- 56109373	963	0
chr5	57095010	57095011	rs12515541	chr5: 57094574- 57095973	67	0
chr5	60093094	60093095	rs6449502	chr5: 60092174- 60093573	11	0
chr5	60489246	60489247	rs159544	chr5: 60486974- 60491173	202	0
chr5	60528805	60528806	rs34627	chr5: 60528774- 60529173	1	0
chr5	74625486	74625487	rs7703051	chr5: 74621176- 74628575	299	0
chr5	74648602	74648603	rs12654264	chr5: 74646976- 74650175	256	0
chr5	74877802	74877803	rs5744672	chr5: 74875976- 74878975	85	0
chr5	74934008	74934009	rs34341	chr5: 74933776- 74936375	283	0
chr5	126369253	126369254	rs12656223	chr5:126363509-126371908	579	0
chr5	126541478	126541479	rs6894083	chr5:126541309-126541508	2	0
chr5	132388958	132388959	rs72801445	chr5:132384709-132391508	1118	0
chr5	132397350	132397351	rs55747751	chr5:132391709-132399508	228	0
chr5	132407057	132407058	rs6596100	chr5:132404509-132410308	358	0
chr5	132426850	132426851	rs147133967	chr5:132411909-132433308	1326	0
chr5	132444300	132444301	rs11745702	chr5:132441309-132452108	608	0
chr5	134240234	134240235	rs319598	chr5:134239510-134243309	448	0
chr5	135208907	135208908	rs11242303	chr5:135207111-135214110	551	0
chr5	137840859	137840860	rs13164092	chr5:137827112-137842511	671	0
chr5	138949361	138949362	rs261532	chr5:138947712-138956511	800	0
chr5	140155904	140155905	rs70988775	chr5:140155216-140156815	59	0
chr5	142818122	142818123	rs6580277	chr5:142806436-142832835	2362	0
chr5	176517325	176517326	rs422421	chr5:176517000-176518399	27	0
chr5	176726634	176726635	rs3088050	chr5:176722000-176726799	60	0
chr5	176731451	176731452	rs28362590	chr5:176731400-176732799	19	0
chr5	176732536	176732537	rs72813180	chr5:176731400-176732799	19	0
chr5	176737719	176737720	rs13190036	chr5:176733800-176737799	40	0
chr5	176784511	176784512	rs4075958	chr5:176784200-176785599	68	0
chr5	177036230	177036231	rs729460	chr5:177036000-177036599	4	0
chr5	179168096	179168097	rs17617068	chr5:179166800-179171999	301	0
chr5	179210114	179210115	rs55882075	chr5:179209200-179211799	49	0
chr6	13775906	13775907	rs6459098	chr6: 13775769- 13777168	10	0
chr6	16252058	16252059	rs7752579	chr6: 16251370- 16253969	19	0
chr6	16269362	16269363	rs9477074	chr6: 16268570- 16269969	1	0
chr6	16294721	16294722	rs7765828	chr6: 16294370- 16297169	55	0
chr6	21809194	21809195	rs73735248	chr6: 21807370- 21809569	342	0
chr6	24428053	24428054	rs138612106	chr6: 24427973- 24431172	97	0
chr6	24441745	24441746	rs9467160	chr6: 24441373- 24441772	1	0
chr6	24491474	24491475	rs1883415	chr6: 24489173- 24491572	30	0
chr6	24749412	24749413	rs17419851	chr6: 24748773- 24750372	58	0
chr6	29663888	29663889	rs3131888	chr6: 29660624- 29664223	206	0
chr6	30327951	30327952	rs3094622	chr6: 30327824- 30328023	16	0
chr6	30508955	30508956	rs3130117	chr6: 30502824- 30515823	654	0
chr6	30511169	30511170	rs2524222	chr6: 30502824- 30515823	654	0
chr6	30544400	30544401	rs3132610	chr6: 30541624- 30545223	389	0
chr6	30566406	30566407	rs3095276	chr6: 30566224- 30566623	1	0
chr6	30726938	30726939	rs3095340	chr6: 30726224- 30727623	26	0
chr6	30737485	30737486	rs3094117	chr6: 30737224- 30738023	7	0
chr6	30761571	30761572	rs3129984	chr6: 30757224- 30771223	1880	0
chr6	30763290	30763291	rs3131060	chr6: 30757224- 30771223	1880	0
chr6	30765894	30765895	rs10947096	chr6: 30757224- 30771223	1880	0
chr6	30775600	30775601	rs1264363	chr6: 30774024- 30775623	82	0
chr6	30782001	30782002	rs886424	chr6: 30776424- 30796623	1844	0
chr6	30784192	30784193	rs1264355	chr6: 30776424- 30796623	1844	0
chr6	30787761	30787762	rs1264353	chr6: 30776424- 30796623	1844	0
chr6	30796544	30796545	rs1264350	chr6: 30776424- 30796623	1844	0
chr6	30796658	30796659	rs1264349	chr6: 30796624- 30797823	1	0
chr6	30808761	30808762	rs2517582	chr6: 30808424- 30815423	713	0
chr6	30820372	30820373	rs2263298	chr6: 30816824- 30825023	967	0
chr6	30879635	30879636	rs886420	chr6: 30879424- 30884023	441	0
chr6	30913457	30913458	rs3132581	chr6: 30913024- 30913823	145	0
chr6	30931843	30931844	rs3131934	chr6: 30930224- 30935623	71	0
chr6	30933793	30933794	rs3095089	chr6: 30930224- 30935623	71	0
chr6	30937731	30937732	rs3131781	chr6: 30936224- 30941223	42	0
chr6	31005431	31005432	rs11753208	chr6: 31004424- 31005823	31	0
chr6	31020932	31020933	rs4713428	chr6: 31020824- 31021023	1	0
chr6	31058177	31058178	rs4947296	chr6: 31055424- 31059823	264	0
chr6	31058339	31058340	rs3130544	chr6: 31055424- 31059823	264	0
chr6	31059461	31059462	rs2535298	chr6: 31055424- 31059823	264	0
chr6	31069526	31069527	rs9263567	chr6: 31066424- 31072223	238	0
chr6	31074029	31074030	rs6457327	chr6: 31072224- 31074823	206	0
chr6	31087353	31087354	rs3130991	chr6: 31086424- 31088023	185	0
chr6	31091966	31091967	rs9263688	chr6: 31091424- 31098823	413	0
chr6	31095002	31095003	rs6931921	chr6: 31091424- 31098823	413	0
chr6	31097300	31097301	rs3130559	chr6: 31091424- 31098823	413	0
chr6	31098733	31098734	rs3132541	chr6: 31091424- 31098823	413	0
chr6	31109544	31109545	rs9263737	chr6: 31108624- 31109823	6	0
chr6	31111355	31111356	rs9263739	chr6: 31110424- 31111423	26	0
chr6	31116525	31116526	rs3132535	chr6: 31112824- 31117823	496	0
chr6	31118510	31118511	rs130067	chr6: 31118224- 31118623	1	0
chr6	31138106	31138107	rs1062630	chr6: 31137624- 31140223	231	0
chr6	31139451	31139452	rs879882	chr6: 31137624- 31140223	231	0
chr6	31140046	31140047	rs1265159	chr6: 31137624- 31140223	231	0
chr6	31140151	31140152	rs885950	chr6: 31137624- 31140223	231	0
chr6	31143581	31143582	rs3131018	chr6: 31141824- 31146023	145	0
chr6	31163971	31163972	rs28749551	chr6: 31163424- 31164423	9	0
chr6	31172150	31172151	rs3132510	chr6: 31170624- 31176623	232	0
chr6	31175945	31175946	rs1619179	chr6: 31170624- 31176623	232	0
chr6	31184195	31184196	rs3869109	chr6: 31183624- 31184423	17	0
chr6	31186025	31186026	rs9263963	chr6: 31185424- 31189023	142	0
chr6	31204693	31204694	rs3869115	chr6: 31202024- 31211623	677	0
chr6	31204985	31204986	rs3134770	chr6: 31202024- 31211623	677	0
chr6	31228539	31228540	rs17191797	chr6: 31228424- 31230823	50	0
chr6	31245820	31245821	rs2524067	chr6: 31245624- 31245823	1	0
chr6	31247202	31247203	rs2853946	chr6: 31245824- 31247223	131	0
chr6	31252924	31252925	rs12191877	chr6: 31252424- 31253023	7	0
chr6	31266089	31266090	rs4406273	chr6: 31266024- 31268023	38	0
chr6	31267935	31267936	rs28367631	chr6: 31266024- 31268023	38	0
chr6	31274297	31274298	rs9264941	chr6: 31272824- 31274823	116	0
chr6	31274554	31274555	rs10484554	chr6: 31272824- 31274823	116	0
chr6	31274751	31274752	rs3132479	chr6: 31272824- 31274823	116	0
chr6	31348364	31348365	rs4143332	chr6: 31347824- 31348823	11	0
chr6	31348518	31348519	rs4143333	chr6: 31347824- 31348823	11	0
chr6	31350703	31350704	rs1521	chr6: 31350024- 31353423	96	0
chr6	31352112	31352113	rs9266772	chr6: 31350024- 31353423	96	0
chr6	31353328	31353329	rs2596565	chr6: 31350024- 31353423	96	0
chr6	31364075	31364076	rs28366133	chr6: 31363424- 31364823	22	0
chr6	31366594	31366595	rs2596542	chr6: 31366424- 31366623	18	0
chr6	31442781	31442782	rs3131643	chr6: 31442224- 31442823	2	0
chr6	31461710	31461711	rs2395040	chr6: 31461224- 31463223	182	0
chr6	31465046	31465047	rs3094005	chr6: 31463824- 31465623	31	0
chr6	31472719	31472720	rs2855812	chr6: 31465624- 31473023	63	0
chr6	31473956	31473957	rs3134900	chr6: 31473024- 31475623	102	0
chr6	31514246	31514247	rs9267488	chr6: 31513024- 31514423	54	0
chr6	31558263	31558264	rs28732145	chr6: 31557624- 31564223	397	0
chr6	31566167	31566168	rs3130631	chr6: 31565624- 31575023	381	0
chr6	31569519	31569520	rs17207190	chr6: 31565624- 31575023	381	0
chr6	31572955	31572956	rs2844479	chr6: 31565624- 31575023	381	0
chr6	31574524	31574525	rs28895016	chr6: 31565624- 31575023	381	0
chr6	31575275	31575276	rs9348876	chr6: 31575024- 31576023	61	0
chr6	31575624	31575625	rs28732148	chr6: 31575024- 31576023	61	0
chr6	31582024	31582025	rs3132451	chr6: 31581824- 31583223	65	0
chr6	31616365	31616366	rs805303	chr6: 31613024- 31616623	173	0
chr6	31697557	31697558	rs707916	chr6: 31697424- 31697623	1	0
chr6	31713453	31713454	rs3828922	chr6: 31709824- 31715823	488	0
chr6	31721032	31721033	rs3131379	chr6: 31717424- 31728623	436	0
chr6	31725284	31725285	rs3131378	chr6: 31717424- 31728623	436	0
chr6	31726687	31726688	rs707939	chr6: 31717424- 31728623	436	0
chr6	31728266	31728267	rs2075801	chr6: 31717424- 31728623	436	0
chr6	31762843	31762844	rs2753960	chr6: 31762824- 31764623	267	0
chr6	31820642	31820643	rs2736429	chr6: 31819224- 31821223	104	0
chr6	31848219	31848220	rs589428	chr6: 31847824- 31848223	5	0
chr6	31851233	31851234	rs652888	chr6: 31851224- 31853023	29	0
chr6	31863432	31863433	rs2243873	chr6: 31863424- 31865823	142	0
chr6	31870325	31870326	rs558702	chr6: 31870224- 31870423	1	0
chr6	31876041	31876042	rs1313996	chr6: 31874224- 31880423	227	0
chr6	31878432	31878433	rs519417	chr6: 31874224- 31880423	227	0
chr6	31878494	31878495	rs622871	chr6: 31874224- 31880423	227	0
chr6	31907836	31907837	rs2293751	chr6: 31905824- 31910223	127	0
chr6	31928690	31928691	rs2280774	chr6: 31926824- 31930823	86	0
chr6	31929807	31929808	rs35664695	chr6: 31926824- 31930823	86	0
chr6	31940896	31940897	rs389884	chr6: 31940024- 31941823	75	0
chr6	31944035	31944036	rs1738434	chr6: 31943824- 31944623	2	0
chr6	32005266	32005267	rs431204	chr6: 32004624- 32005623	21	0
chr6	32049422	32049423	rs12211410	chr6: 32049224- 32049623	1	0
chr6	32071009	32071010	rs28732173	chr6: 32070424- 32073823	125	0
chr6	32083174	32083175	rs8111	chr6: 32079224- 32084423	362	0
chr6	32083299	32083300	rs8283	chr6: 32079224- 32084423	362	0
chr6	32109978	32109979	rs204999	chr6: 32106224- 32115223	921	0
chr6	32114514	32114515	rs9296009	chr6: 32106224- 32115223	921	0
chr6	32136546	32136547	rs1061808	chr6: 32136024- 32136623	9	0
chr6	32140486	32140487	rs3130284	chr6: 32140424- 32142623	28	0
chr6	32146491	32146492	rs3134945	chr6: 32145624- 32147023	41	0
chr6	32147760	32147761	rs3134943	chr6: 32147024- 32147823	5	0
chr6	32168770	32168771	rs3134942	chr6: 32166824- 32169423	3	0
chr6	32179895	32179896	rs2071286	chr6: 32179624- 32180023	13	0
chr6	32192330	32192331	rs3096702	chr6: 32190624- 32195623	430	0
chr6	32195250	32195251	rs9267853	chr6: 32190624- 32195623	430	0
chr6	32223257	32223258	rs3130320	chr6: 32220624- 32225023	150	0
chr6	32244626	32244627	rs3130340	chr6: 32243624- 32245423	212	0
chr6	32407301	32407302	rs2395179	chr6: 32406824- 32407623	15	0
chr6	32411375	32411376	rs2239805	chr6: 32411224- 32412023	11	0
chr6	32411845	32411846	rs2239802	chr6: 32411224- 32412023	11	0
chr6	32412591	32412592	rs1051336	chr6: 32412024- 32412623	4	0
chr6	32527109	32527110	rs78110044	chr6: 32526624- 32527223	3	0
chr6	32583741	32583742	rs9271348	chr6: 32583624- 32584823	15	0
chr6	32583992	32583993	rs28383228	chr6: 32583624- 32584823	15	0
chr6	32590924	32590925	rs3129763	chr6: 32590624- 32593623	10	0
chr6	32592199	32592200	rs9271640	chr6: 32590624- 32593623	10	0
chr6	32609593	32609594	rs9272729	chr6: 32601624- 32612023	640	0
chr6	32626271	32626272	rs9273363	chr6: 32621024- 32629423	401	0
chr6	32626951	32626952	rs4713572	chr6: 32621024- 32629423	401	0
chr6	32627937	32627938	rs36205178	chr6: 32621024- 32629423	401	0
chr6	32628083	32628084	rs2854277	chr6: 32621024- 32629423	401	0
chr6	32628427	32628428	rs2854275	chr6: 32621024- 32629423	401	0
chr6	32634466	32634467	rs3891175	chr6: 32632224- 32637423	45	0
chr6	32657435	32657436	rs3129716	chr6: 32656824- 32661623	74	0
chr6	32659644	32659645	rs2856674	chr6: 32656824- 32661623	74	0
chr6	32659877	32659878	rs9275224	chr6: 32656824- 32661623	74	0
chr6	32661574	32661575	rs9275260	chr6: 32656824- 32661623	74	0
chr6	32662919	32662920	rs9275281	chr6: 32662224- 32663023	1	0
chr6	32663288	32663289	rs9275292	chr6: 32663024- 32664823	34	0
chr6	32663850	32663851	rs6457617	chr6: 32663024- 32664823	34	0
chr6	32663998	32663999	rs6457620	chr6: 32663024- 32664823	34	0
chr6	32666525	32666526	rs1794282	chr6: 32665424- 32671623	278	0
chr6	32946321	32946322	rs76088152	chr6: 32940024- 32951623	463	0
chr6	32948803	32948804	rs1049526	chr6: 32940024- 32951623	463	0
chr6	33050278	33050279	rs9277378	chr6: 33049624- 33053423	75	0
chr6	33053351	33053352	rs9277464	chr6: 33049624- 33053423	75	0
chr6	33125858	33125859	rs3129205	chr6: 33124424- 33126623	35	0
chr6	33143947	33143948	rs2254287	chr6: 33142224- 33145223	63	0
chr6	33192412	33192413	rs146306986	chr6: 33192024- 33192623	6	0
chr6	33204273	33204274	rs9277952	chr6: 33204224- 33207623	429	0
chr6	33534725	33534726	rs6910233	chr6: 33533224- 33535023	44	0
chr6	33540208	33540209	rs210134	chr6: 33540024- 33540223	1	0
chr6	33548393	33548394	rs5745568	chr6: 33547224- 33549223	80	0
chr6	33654896	33654897	rs942642	chr6: 33654224- 33655823	18	0
chr6	33718417	33718418	rs4713675	chr6: 33716224- 33721223	309	0
chr6	33740024	33740025	rs2296743	chr6: 33736824- 33752823	1122	0
chr6	33741715	33741716	rs4711350	chr6: 33736824- 33752823	1122	0
chr6	34335284	34335285	rs12662905	chr6: 34334424- 34335423	23	0
chr6	34468766	34468767	rs73405691	chr6: 34467824- 34469823	33	0
chr6	34546559	34546560	rs2814982	chr6: 34543224- 34552623	293	0
chr6	34563163	34563164	rs205262	chr6: 34562424- 34565023	13	0
chr6	34581635	34581636	rs2744971	chr6: 34581624- 34581823	1	0
chr6	34618892	34618893	rs2814993	chr6: 34618224- 34619023	1	0
chr6	34639104	34639105	rs6916624	chr6: 34638224- 34640423	59	0
chr6	34923863	34923864	rs847845	chr6: 34923824- 34924823	14	0
chr6	34927279	34927280	rs1535001	chr6: 34924824- 34929623	95	0
chr6	35033853	35033854	rs820077	chr6: 35031224- 35038823	753	0
chr6	35034799	35034800	rs17609940	chr6: 35031224- 35038823	753	0
chr6	35322762	35322763	rs7744392	chr6: 35322624- 35322823	8	0
chr6	35379769	35379770	rs9296151	chr6: 35379624- 35379823	1	0
chr6	35389998	35389999	rs2076168	chr6: 35389824- 35395223	376	0
chr6	39827489	39827490	rs2504101	chr6: 39827225- 39828024	14	0
chr6	39863216	39863217	rs3004063	chr6: 39863025- 39863824	8	0
chr6	42197706	42197707	rs61612642	chr6: 42197263- 42201862	338	0
chr6	45901915	45901916	rs9349337	chr6: 45898464- 45903263	202	0
chr6	45928726	45928727	rs4714896	chr6: 45926864- 45931463	180	0
chr6	84089190	84089191	rs17255340	chr6: 84085682- 84089481	80	0
chr6	84226594	84226595	rs1171113	chr6: 84225883- 84227082	126	0
chr6	84280274	84280275	rs7752643	chr6: 84279683- 84283482	76	0
chr6	88089873	88089874	rs9362426	chr6: 88089283- 88092482	53	0
chr6	107140865	107140866	rs3121446	chr6:107140597-107140996	2	0
chr6	127804984	127804985	rs1512450	chr6:127804856-127810455	65	0
chr6	153441078	153441079	rs1933488	chr6:153438866-153443865	117	0
chr6	154896234	154896235	rs17539620	chr6:154894867-154896466	11	0
chr6	160137686	160137687	rs4516970	chr6:160133969-160142768	419	0
chr7	936191	936192	rs79577636	chr7:   935965-   936364	2	0
chr7	1082917	1082918	rs10275712	chr7:  1074365-  1092364	1099	0
chr7	1083776	1083777	rs1997243	chr7:  1074365-  1092364	1099	0
chr7	1886534	1886535	rs6952808	chr7:  1881765-  1886964	300	0
chr7	1912221	1912222	rs4721135	chr7:  1911765-  1915164	272	0
chr7	1920825	1920826	rs10275045	chr7:  1915565-  1929564	823	0
chr7	1950808	1950809	rs4332037	chr7:  1949366-  1952165	233	0
chr7	1968952	1968953	rs12699477	chr7:  1968766-  1970365	43	0
chr7	2017444	2017445	rs6461049	chr7:  2016366-  2021565	644	0
chr7	2020994	2020995	rs12668848	chr7:  2016366-  2021565	644	0
chr7	2036668	2036669	rs4721295	chr7:  2036366-  2042165	421	0
chr7	2041431	2041432	rs1107592	chr7:  2036366-  2042165	421	0
chr7	2104363	2104364	rs56072378	chr7:  2096766-  2113765	1833	0
chr7	27784948	27784949	rs10214930	chr7: 27782182- 27784981	149	0
chr7	37944374	37944375	rs17236800	chr7: 37942199- 37945798	425	0
chr7	37947817	37947818	rs10264106	chr7: 37947599- 37948198	10	0
chr7	37973013	37973014	rs2598107	chr7: 37972599- 37975198	26	0
chr7	37973123	37973124	rs75474297	chr7: 37972599- 37975198	26	0
chr7	37989094	37989095	rs16879765	chr7: 37988999- 37989198	1	0
chr7	43645432	43645433	rs7802995	chr7: 43645402- 43652001	559	0
chr7	56079093	56079094	rs4947534	chr7: 56078108- 56081307	178	0
chr7	56097264	56097265	rs4948102	chr7: 56096508- 56097507	1	0
chr7	75147800	75147801	rs794375	chr7: 75146995- 75148394	1	0
chr7	75612802	75612803	rs41301394	chr7: 75595683- 75625482	1871	0
chr7	75616104	75616105	rs17685	chr7: 75595683- 75625482	1871	0
chr7	75664920	75664921	rs10954750	chr7: 75664883- 75665082	3	0
chr7	75951229	75951230	rs7789940	chr7: 75949883- 75952082	133	0
chr7	75953296	75953297	rs758944	chr7: 75953283- 75953482	4	0
chr7	75978228	75978229	rs17149161	chr7: 75977083- 75979282	80	0
chr7	94937445	94937446	rs662	chr7: 94936289- 94937488	2	0
chr7	94938256	94938257	rs2057681	chr7: 94937889- 94938288	4	0
chr7	96718370	96718371	rs78456152	chr7: 96717889- 96719488	15	0
chr7	98810556	98810557	rs12705054	chr7: 98808978- 98811177	63	0
chr7	99207875	99207876	rs7792939	chr7: 99207778- 99213177	323	0
chr7	107477754	107477755	rs73191662	chr7:107476756-107478555	1	0
chr7	135237095	135237096	rs7791133	chr7:135236449-135237448	13	0
chr7	135254268	135254269	rs35061496	chr7:135252049-135257248	485	0
chr7	135293127	135293128	rs4294134	chr7:135290449-135293848	110	0
chr7	140086948	140086949	rs56402448	chr7:140082601-140088000	136	0
chr7	140612162	140612163	rs9648716	chr7:140611801-140612200	2	0
chr7	150325174	150325175	rs13234724	chr7:150322712-150325911	134	0
chr8	8317886	8317887	rs2921059	chr8:  8309479-  8318078	643	0
chr8	8373484	8373485	rs10092965	chr8:  8373285-  8374484	28	0
chr8	8387094	8387095	rs7826238	chr8:  8387091-  8387290	1	0
chr8	8524473	8524474	rs11992186	chr8:  8524091-  8525290	44	0
chr8	8548116	8548117	rs7829975	chr8:  8547291-  8553490	438	0
chr8	8550254	8550255	rs11249878	chr8:  8547291-  8553490	438	0
chr8	8685853	8685854	rs1039916	chr8:  8685091-  8690890	139	0
chr8	8853269	8853270	rs1964356	chr8:  8843291-  8853490	482	0
chr8	8914756	8914757	rs2953805	chr8:  8912691-  8914890	73	0
chr8	8946162	8946163	rs4841097	chr8:  8945491-  8947490	21	0
chr8	9034147	9034148	rs367543	chr8:  9033291-  9035890	25	0
chr8	9084120	9084121	rs2929308	chr8:  9072491-  9084290	1240	0
chr8	9087277	9087278	rs330048	chr8:  9086691-  9087290	1	0
chr8	9153238	9153239	rs11781008	chr8:  9151491-  9153290	148	0
chr8	9267116	9267117	rs9693857	chr8:  9262891-  9267690	160	0
chr8	9804291	9804292	rs9650622	chr8:  9804291-  9804890	1	0
chr8	10190039	10190040	rs7832708	chr8: 10187491- 10190090	1	0
chr8	10240201	10240202	rs9329221	chr8: 10239491- 10240490	3	0
chr8	15500966	15500967	rs12541402	chr8: 15500892- 15501691	6	0
chr8	17737356	17737357	rs7815429	chr8: 17736492- 17740291	111	0
chr8	17781256	17781257	rs12718385	chr8: 17775292- 17798691	881	0
chr8	17784413	17784414	rs11779988	chr8: 17775292- 17798691	881	0
chr8	17913969	17913970	rs7508	chr8: 17902692- 17916891	696	0
chr8	22492051	22492052	rs6558172	chr8: 22491088- 22492487	8	0
chr8	22492128	22492129	rs6558174	chr8: 22491088- 22492487	8	0
chr8	22538383	22538384	rs10104039	chr8: 22537688- 22544887	447	0
chr8	23356963	23356964	rs56009477	chr8: 23349288- 23357087	716	0
chr8	23401394	23401395	rs11783469	chr8: 23401288- 23401887	4	0
chr8	23421001	23421002	rs10503728	chr8: 23420888- 23422887	93	0
chr8	25248614	25248615	rs13261573	chr8: 25247685- 25248884	29	0
chr8	26266833	26266834	rs3808576	chr8: 26264485- 26268284	466	0
chr8	26272767	26272768	rs73219805	chr8: 26271085- 26273284	108	0
chr8	26279172	26279173	rs73219806	chr8: 26278685- 26279284	7	0
chr8	27466314	27466315	rs1532278	chr8: 27465684- 27467083	101	0
chr8	27486915	27486916	rs576748	chr8: 27486284- 27490683	382	0
chr8	27489958	27489959	rs485902	chr8: 27486284- 27490683	382	0
chr8	33309992	33309993	rs7845722	chr8: 33309283- 33310482	91	0
chr8	59305289	59305290	rs1160133	chr8: 59304842- 59307641	102	0
chr8	66440592	66440593	rs13276212	chr8: 66439966- 66441565	206	0
chr8	66463477	66463478	rs6981992	chr8: 66450366- 66464565	739	0
chr8	66470961	66470962	rs6991838	chr8: 66469966- 66472765	256	0
chr8	66472178	66472179	rs11786598	chr8: 66469966- 66472765	256	0
chr8	66511274	66511275	rs60058315	chr8: 66499566- 66515365	1036	0
chr8	66926422	66926423	rs11995702	chr8: 66926366- 66926965	2	0
chr8	95937501	95937502	rs7845219	chr8: 95936173- 95937972	43	0
chr8	95972550	95972551	rs896847	chr8: 95971973- 95972572	6	0
chr8	103230338	103230339	rs28928597	chr8:103227373-103230972	203	0
chr8	103308399	103308400	rs7840202	chr8:103308173-103308972	14	0
chr8	103389499	103389500	rs4734619	chr8:103389373-103390172	5	0
chr8	107857214	107857215	rs1001989	chr8:107857173-107857372	4	0
chr8	118025644	118025645	rs3019885	chr8:118024962-118025961	2	0
chr8	120846588	120846589	rs14027	chr8:120844761-120847760	21	0
chr9	211761	211762	rs520015	chr9:   211001-   214000	107	0
chr9	286490	286491	rs3209441	chr9:   285601-   286800	9	0
chr9	6655055	6655056	rs7031325	chr9:  6654801-  6655800	12	0
chr9	6665009	6665010	rs1658972	chr9:  6662401-  6666200	87	0
chr9	35841782	35841783	rs2236293	chr9: 35841404- 35849403	829	0
chr9	79038169	79038170	rs6560517	chr9: 79037885- 79038284	2	0
chr9	115118960	115118961	rs6477918	chr9:115118922-115122121	203	0
chr9	131608785	131608786	rs2977993	chr9:131606014-131612413	498	0
chr9	136586953	136586954	rs2502757	chr9:136581949-136592148	968	0
chrX	53795624	53795625	rs12384986	chrX: 53794303- 53795702	7	0
chrX	100214971	100214972	rs140386998	chrX:100214203-100215002	11	0
chrX	153554403	153554404	rs766420	chrX:153554143-153558742	69	0
